receipt_date,vendor_name,gross_amount,gst_amount,net_amount,source_system
2012-01-31,,49.17,2.3414285714285716,46.82857142857143,QuickBooks-2012-Parsed
2012-01-03,Tsf Paul Richard (v} ¢,2200.0,104.76190476190476,2095.2380952380954,QuickBooks-2012-Parsed
2012-01-06,dd Centex E D,71.2,3.390476190476191,67.80952380952381,QuickBooks-2012-Parsed
2012-01-11,w/d Paul Richard (v) E D,60.0,2.857142857142857,57.142857142857146,QuickBooks-2012-Parsed
2012-01-12,dd Hertz D E,134.4,6.4,128.0,QuickBooks-2012-Parsed
2012-01-16,dd Bank Charges & Int... D E,170.0,8.095238095238095,161.9047619047619,QuickBooks-2012-Parsed
2012-01-16,dd Hertz E,134.4,6.4,128.0,QuickBooks-2012-Parsed
2012-01-16,dd Centex E D,91.0,4.333333333333333,86.66666666666667,QuickBooks-2012-Parsed
2012-01-16,dd Optimum West Insur... D E D,83.46,3.974285714285714,79.48571428571428,QuickBooks-2012-Parsed
2012-01-16,dd Centex X,23.5,1.119047619047619,22.38095238095238,QuickBooks-2012-Parsed
2012-01-18,dd The Phone Experts D E,800.0,38.095238095238095,761.9047619047619,QuickBooks-2012-Parsed
2012-01-18,dd The Phone Experts E,287.68,13.699047619047619,273.9809523809524,QuickBooks-2012-Parsed
2012-01-18,w/d Paul Richard (v) I,100.0,4.761904761904762,95.23809523809524,QuickBooks-2012-Parsed
2012-01-19,dd Centex A,47.0,2.238095238095238,44.76190476190476,QuickBooks-2012-Parsed
2012-01-24,dd The Co-operators R,110.42,5.258095238095239,105.16190476190476,QuickBooks-2012-Parsed
2012-01-25,dd Save On Foods E,114.47,5.450952380952381,109.01904761904761,QuickBooks-2012-Parsed
2012-01-26,dd Heffner Lexus Toyota P,2525.25,120.25,2405.0,QuickBooks-2012-Parsed
2012-02-01,dd Bank Charges & Int...,42.5,2.0238095238095237,40.476190476190474,QuickBooks-2012-Parsed
2012-02-02,209 Big 105,550.0,26.19047619047619,523.8095238095239,QuickBooks-2012-Parsed
2012-02-03,dd Centex,55.1,2.623809523809524,52.476190476190474,QuickBooks-2012-Parsed
2012-02-03,dd Centex,38.0,1.8095238095238095,36.19047619047619,QuickBooks-2012-Parsed
2012-02-03,DD Calgary Parking Aut...,9.01,0.42904761904761907,8.58095238095238,QuickBooks-2012-Parsed
2012-02-06,Auto Global Merchant Fees,1244.81,59.276666666666664,1185.5333333333333,QuickBooks-2012-Parsed
2012-02-06,DD Centex,102.44,4.878095238095238,97.56190476190476,QuickBooks-2012-Parsed
2012-02-06,dd | FG Business PAD,101.14,4.816190476190476,96.32380952380953,QuickBooks-2012-Parsed
2012-02-06,DD Plaza Liquor Store,88.01,4.190952380952381,83.81904761904762,QuickBooks-2012-Parsed
2012-02-06,dd Centex,58.6,2.7904761904761903,55.80952380952381,QuickBooks-2012-Parsed
2012-02-06,DD Centex,40.01,1.9052380952380954,38.1047619047619,QuickBooks-2012-Parsed
2012-02-06,dd Centex,31.0,1.4761904761904763,29.523809523809526,QuickBooks-2012-Parsed
2012-02-07,Auto Money Mart,3000.0,142.85714285714286,2857.1428571428573,QuickBooks-2012-Parsed
2012-02-08,Online Capital One MC _,500.0,23.80952380952381,476.1904761904762,QuickBooks-2012-Parsed
2012-02-08,dd LFG Business PAD,202.27,9.631904761904764,192.63809523809525,QuickBooks-2012-Parsed
2012-02-09,dd CPC /SCP,64.05,3.05,61.0,QuickBooks-2012-Parsed
2012-02-09,BD Centex,35.99,1.713809523809524,34.27619047619048,QuickBooks-2012-Parsed
2012-02-10,dd Centex,52.0,2.4761904761904763,49.523809523809526,QuickBooks-2012-Parsed
2012-02-10,dd Centex,51.0,2.428571428571429,48.57142857142857,QuickBooks-2012-Parsed
2012-02-10,DD Centex,42.54,2.025714285714286,40.51428571428571,QuickBooks-2012-Parsed
2012-02-10,dd Tommy Gun,34.75,1.6547619047619047,33.095238095238095,QuickBooks-2012-Parsed
2012-02-13,Online Telus Communicatio...,2083.34,99.20666666666668,1984.1333333333334,QuickBooks-2012-Parsed
2012-02-13,WD,400.0,19.047619047619047,380.95238095238096,QuickBooks-2012-Parsed
2012-02-13,dd Global Liquor Store,65.67,3.1271428571428572,62.542857142857144,QuickBooks-2012-Parsed
2012-02-13,DD Centex,42.0,2.0,40.0,QuickBooks-2012-Parsed
2012-02-13,DD Sobey's,41.48,1.975238095238095,39.5047619047619,QuickBooks-2012-Parsed
2012-02-13,DD Centex,34.0,1.619047619047619,32.38095238095238,QuickBooks-2012-Parsed
2012-02-14,211 Canada Revenue A...,3293.56,156.83619047619047,3136.7238095238095,QuickBooks-2012-Parsed
2012-02-14,DD Centex,140.01,6.667142857142856,133.34285714285713,QuickBooks-2012-Parsed
2012-02-14,DD Fas Gas Plus,565.0,26.904761904761905,538.0952380952381,QuickBooks-2012-Parsed
2012-02-14,DD Centex,37.73,1.7966666666666664,35.93333333333333,QuickBooks-2012-Parsed
2012-02-16,dd Bank Charges & Int...,170.0,8.095238095238095,161.9047619047619,QuickBooks-2012-Parsed
2012-02-15,DD Domo Gas,52.01,2.476666666666667,49.53333333333333,QuickBooks-2012-Parsed
2012-02-16,WD,500.0,23.80952380952381,476.1904761904762,QuickBooks-2012-Parsed
2012-02-16,Auto Optimum West [nsur...,83.46,3.974285714285714,79.48571428571428,QuickBooks-2012-Parsed
2012-02-16,DD Centex,53.51,2.548095238095238,50.96190476190476,QuickBooks-2012-Parsed
2012-02-17,"ETSF Blades, Mike",300.0,14.285714285714285,285.7142857142857,QuickBooks-2012-Parsed
2012-02-17,DD Calgary Parking Aut...,17.87,0.850952380952381,17.01904761904762,QuickBooks-2012-Parsed
2012-02-20,213 With This Ring Brida...,1050.0,50.0,1000.0,QuickBooks-2012-Parsed
2012-02-20,PD Pumps & Pressure,519.75,24.75,495.0,QuickBooks-2012-Parsed
2012-02-20,DD Global Liquor Store,325.71,15.509999999999998,310.2,QuickBooks-2012-Parsed
2012-02-20,DD Canadian Tire #329,296.24,14.106666666666667,282.1333333333333,QuickBooks-2012-Parsed
2012-02-20,DD Shell Canada Produ...,193.02,9.191428571428572,183.82857142857145,QuickBooks-2012-Parsed
2012-02-20,DD Centex,111.0,5.2857142857142865,105.71428571428571,QuickBooks-2012-Parsed
2012-02-20,DD Fas Gas Plus,51.01,2.429047619047619,48.58095238095238,QuickBooks-2012-Parsed
2012-01-06,39,1000.0,47.61904761904762,952.3809523809524,QuickBooks-2012-Parsed
2012-01-31,43,10670.81,508.1338095238095,10162.67619047619,QuickBooks-2012-Parsed
2012-01-31,41,360.0,17.142857142857142,342.85714285714283,QuickBooks-2012-Parsed
2012-01-31,,49.17,2.3414285714285716,46.82857142857143,QuickBooks-2012-Parsed
2014-01-31,,115.42,5.496190476190477,109.92380952380952,QuickBooks-2012-Parsed
2014-03-31,,118.39,5.637619047619047,112.75238095238095,QuickBooks-2012-Parsed
2014-04-30,,110.51,5.262380952380953,105.24761904761905,QuickBooks-2012-Parsed
2014-05-31,,115.07,5.479523809523809,109.59047619047618,QuickBooks-2012-Parsed
2015-01-16,42,3494.63,166.41095238095238,3328.2190476190476,QuickBooks-2012-Parsed
2012-02-29,,35.51,1.690952380952381,33.819047619047616,QuickBooks-2012-Parsed
2012-02-02,209 106.7 The Drive X,550.0,26.19047619047619,523.8095238095239,QuickBooks-2012-Parsed
2012-02-03,dd Centex X,55.1,2.623809523809524,52.476190476190474,QuickBooks-2012-Parsed
2012-02-03,dd Centex X,38.0,1.8095238095238095,36.19047619047619,QuickBooks-2012-Parsed
2012-02-03,DD Calgary Parking Aut... X,9.01,0.42904761904761907,8.58095238095238,QuickBooks-2012-Parsed
2012-02-06,Auto Global Merchant Fees X,1244.81,59.276666666666664,1185.5333333333333,QuickBooks-2012-Parsed
2012-02-06,DD Centex X,102.44,4.878095238095238,97.56190476190476,QuickBooks-2012-Parsed
2012-02-06,dd LFG Business PAD X,101.14,4.816190476190476,96.32380952380953,QuickBooks-2012-Parsed
2012-02-06,DD Plaza Liquor Store X,88.01,4.190952380952381,83.81904761904762,QuickBooks-2012-Parsed
2012-02-06,dd Centex X,58.6,2.7904761904761903,55.80952380952381,QuickBooks-2012-Parsed
2012-02-06,dd Centex X,31.0,1.4761904761904763,29.523809523809526,QuickBooks-2012-Parsed
2012-02-07,dd Money Mart X,3000.0,142.85714285714286,2857.1428571428573,QuickBooks-2012-Parsed
2012-02-08,dd Capital One MC X,500.0,23.80952380952381,476.1904761904762,QuickBooks-2012-Parsed
2012-02-08,dd LFG Business PAD X,202.27,9.631904761904764,192.63809523809525,QuickBooks-2012-Parsed
2012-02-09,dd CPC /SCP X,64.05,3.05,61.0,QuickBooks-2012-Parsed
2012-02-09,DD Centex X,35.99,1.713809523809524,34.27619047619048,QuickBooks-2012-Parsed
2012-02-10,dd Centex X,52.0,2.4761904761904763,49.523809523809526,QuickBooks-2012-Parsed
2012-02-10,dd Centex X,51.0,2.428571428571429,48.57142857142857,QuickBooks-2012-Parsed
2012-02-10,DD Centex X,42.54,2.025714285714286,40.51428571428571,QuickBooks-2012-Parsed
2012-02-10,dd Tommy Gun X,34.75,1.6547619047619047,33.095238095238095,QuickBooks-2012-Parsed
2012-02-13,dd Telus Communicatio... X,2083.34,99.20666666666668,1984.1333333333334,QuickBooks-2012-Parsed
2012-02-13,w/d Paul Richard (v) X,400.0,19.047619047619047,380.95238095238096,QuickBooks-2012-Parsed
2012-02-13,dd Global Liquor Store X,65.67,3.1271428571428572,62.542857142857144,QuickBooks-2012-Parsed
2012-02-13,DD Sobey's X,41.48,1.975238095238095,39.5047619047619,QuickBooks-2012-Parsed
2012-02-13,DD Centex X,34.0,1.619047619047619,32.38095238095238,QuickBooks-2012-Parsed
2012-02-14,211 Canada Revenue A... X,3293.56,156.83619047619047,3136.7238095238095,QuickBooks-2012-Parsed
2012-02-14,DD Centex X,140.01,6.667142857142856,133.34285714285713,QuickBooks-2012-Parsed
2012-02-14,DD Fas Gas Plus X,55.0,2.619047619047619,52.38095238095238,QuickBooks-2012-Parsed
2012-02-14,DD Centex X,37.73,1.7966666666666664,35.93333333333333,QuickBooks-2012-Parsed
2012-02-15,dd Bank Charges & Int... X,170.0,8.095238095238095,161.9047619047619,QuickBooks-2012-Parsed
2012-02-15,DD Domo Gas X,52.01,2.476666666666667,49.53333333333333,QuickBooks-2012-Parsed
2012-02-16,wid Paul Richard (v) X,500.0,23.80952380952381,476.1904761904762,QuickBooks-2012-Parsed
2012-02-16,Auto Optimum West Insur... X,83.46,3.974285714285714,79.48571428571428,QuickBooks-2012-Parsed
2012-02-16,DD Centex X,53.51,2.548095238095238,50.96190476190476,QuickBooks-2012-Parsed
2012-02-16,DD Centex X,43.5,2.0714285714285716,41.42857142857143,QuickBooks-2012-Parsed
2012-02-17,"EMT Blades, Mike X",300.0,14.285714285714285,285.7142857142857,QuickBooks-2012-Parsed
2012-02-17,DD Calgary Parking Aut... X,17.87,0.850952380952381,17.01904761904762,QuickBooks-2012-Parsed
2012-02-20,DD Pumps & Pressure X,518.75,24.702380952380953,494.04761904761904,QuickBooks-2012-Parsed
2012-02-20,DD Canadian Tire #329 X,296.24,14.106666666666667,282.1333333333333,QuickBooks-2012-Parsed
2012-02-20,DD Shell Canada Produ... X,183.02,8.715238095238096,174.3047619047619,QuickBooks-2012-Parsed
2012-02-20,DD Centex X,111.0,5.2857142857142865,105.71428571428571,QuickBooks-2012-Parsed
2012-02-20,DD Fas Gas Plus X,51.01,2.429047619047619,48.58095238095238,QuickBooks-2012-Parsed
2012-02-21,DD Centex X,43.0,2.0476190476190474,40.95238095238095,QuickBooks-2012-Parsed
2012-02-21,DD Esso X,31.0,1.4761904761904763,29.523809523809526,QuickBooks-2012-Parsed
2012-02-22,dd Parr's Automotive X,500.0,23.80952380952381,476.1904761904762,QuickBooks-2012-Parsed
2012-02-22,dd Centex X,35.5,1.6904761904761905,33.80952380952381,QuickBooks-2012-Parsed
2012-02-22,DD PartsSource X,10.49,0.4995238095238096,9.99047619047619,QuickBooks-2012-Parsed
2012-02-23,wld Paul Richard (v) X,800.0,38.095238095238095,761.9047619047619,QuickBooks-2012-Parsed
2012-02-23,w/d Paul Richard (v) X,800.0,38.095238095238095,761.9047619047619,QuickBooks-2012-Parsed
2012-02-23,wid Paul Richard (v) X,200.0,9.523809523809524,190.47619047619048,QuickBooks-2012-Parsed
2012-02-23,212 Andrew Lapaint X,112.96,5.379047619047618,107.58095238095237,QuickBooks-2012-Parsed
2012-02-23,w/d Paul Richard (v) X,100.0,4.761904761904762,95.23809523809524,QuickBooks-2012-Parsed
2012-02-23,DD Red Deer Registries X,78.9,3.757142857142857,75.14285714285715,QuickBooks-2012-Parsed
2012-02-23,DD Canadian Tire X,27.26,1.2980952380952382,25.961904761904762,QuickBooks-2012-Parsed
2012-02-23,DD Collicut Centre X,18.0,0.8571428571428571,17.142857142857142,QuickBooks-2012-Parsed
2012-02-24,DD Titan Supply X,439.31,20.91952380952381,418.3904761904762,QuickBooks-2012-Parsed
2012-02-24,dd Jevco Insurance X,268.92,12.805714285714286,256.11428571428576,QuickBooks-2012-Parsed
2012-02-24,. dd Communications Gr... X,157.5,7.5,150.0,QuickBooks-2012-Parsed
2012-02-24,dd The Co-operators X,110.42,5.258095238095239,105.16190476190476,QuickBooks-2012-Parsed
2012-02-24,DD Liquor Depot X,84.31,4.014761904761905,80.29523809523809,QuickBooks-2012-Parsed
2012-02-24,DD Husky X,67.0,3.1904761904761902,63.80952380952381,QuickBooks-2012-Parsed
2012-02-20,213 With This Ring Brida...,1050.0,50.0,1000.0,QuickBooks-2012-Parsed
2012-03-01,DD Centex,36.01,1.7147619047619047,34.29523809523809,QuickBooks-2012-Parsed
2012-03-02,WD,600.0,28.57142857142857,571.4285714285714,QuickBooks-2012-Parsed
2012-03-02,DD Global Liquor Store,143.95,6.854761904761904,137.09523809523807,QuickBooks-2012-Parsed
2012-03-02,DD Sheraton Red Deer,26.79,1.2757142857142858,25.514285714285712,QuickBooks-2012-Parsed
2012-03-02,DD Centex,10.01,0.4766666666666667,9.533333333333333,QuickBooks-2012-Parsed
2012-03-03,DD Centex,44.5,2.119047619047619,42.38095238095238,QuickBooks-2012-Parsed
2012-03-03,DD Centex,26.51,1.2623809523809524,25.24761904761905,QuickBooks-2012-Parsed
2012-03-05,wD,1337.11,63.67190476190475,1273.4380952380952,QuickBooks-2012-Parsed
2012-03-05,"210 Shellington, Joanne",500.0,23.80952380952381,476.1904761904762,QuickBooks-2012-Parsed
2012-03-05,ETSFR Paul Mansell,400.0,19.047619047619047,380.95238095238096,QuickBooks-2012-Parsed
2012-03-05,DD Centex,61.0,2.904761904761905,58.095238095238095,QuickBooks-2012-Parsed
2012-03-06,Online Telus Communicatio...,2142.59,102.02809523809525,2040.561904761905,QuickBooks-2012-Parsed
2012-03-07,DD Parr's Automotive,200.0,9.523809523809524,190.47619047619048,QuickBooks-2012-Parsed
2012-03-07,DD Centex,55.0,2.619047619047619,52.38095238095238,QuickBooks-2012-Parsed
2012-03-08,WD,3000.0,142.85714285714286,2857.1428571428573,QuickBooks-2012-Parsed
2012-03-08,WD,1910.65,90.98333333333335,1819.6666666666667,QuickBooks-2012-Parsed
2012-03-08,214 Heather Gullison,214.56,10.217142857142859,204.34285714285716,QuickBooks-2012-Parsed
2012-03-12,PD Costco Wholesale,107.45,5.116666666666667,102.33333333333334,QuickBooks-2012-Parsed
2012-03-13,WD,800.0,38.095238095238095,761.9047619047619,QuickBooks-2012-Parsed
2012-03-13,WD,200.0,9.523809523809524,190.47619047619048,QuickBooks-2012-Parsed
2012-03-13,Auto,101.14,4.816190476190476,96.32380952380953,QuickBooks-2012-Parsed
2012-03-13,DD Sushi Sushi,13.64,0.6495238095238095,12.99047619047619,QuickBooks-2012-Parsed
2012-03-14,215 Welcome Wagon,150.0,7.142857142857142,142.85714285714286,QuickBooks-2012-Parsed
2012-03-14,"216 O'Neill, Laura",100.0,4.761904761904762,95.23809523809524,QuickBooks-2012-Parsed
2012-03-14,WD,60.0,2.857142857142857,57.142857142857146,QuickBooks-2012-Parsed
2012-03-14,DD Centex,50.0,2.380952380952381,47.61904761904762,QuickBooks-2012-Parsed
2012-03-14,DD Sushi Sushi,33.21,1.5814285714285714,31.62857142857143,QuickBooks-2012-Parsed
2012-03-15,Auto Jack Carter,1885.65,89.79285714285714,1795.857142857143,QuickBooks-2012-Parsed
2012-03-15,DD Vibe Car Auto,262.5,12.5,250.0,QuickBooks-2012-Parsed
2012-03-16,Auto Optimum West Insur...,83.46,3.974285714285714,79.48571428571428,QuickBooks-2012-Parsed
2012-02-02,209 Big 105,550.0,26.19047619047619,523.8095238095239,QuickBooks-2012-Parsed
2012-02-03,DD Centex X,55.1,2.623809523809524,52.476190476190474,QuickBooks-2012-Parsed
2012-02-03,DD Centex,38.0,1.8095238095238095,36.19047619047619,QuickBooks-2012-Parsed
2012-02-03,DD Calgary Parking Aut... 2,9.01,0.42904761904761907,8.58095238095238,QuickBooks-2012-Parsed
2012-02-06,Auto Global Merchant Fees,1244.81,59.276666666666664,1185.5333333333333,QuickBooks-2012-Parsed
2012-02-06,DD Centex,102.44,4.878095238095238,97.56190476190476,QuickBooks-2012-Parsed
2012-02-06,DD Plaza Liquor Store,88.01,4.190952380952381,83.81904761904762,QuickBooks-2012-Parsed
2012-02-06,dd Centex X,58.6,2.7904761904761903,55.80952380952381,QuickBooks-2012-Parsed
2012-02-06,DD Centex D E,40.01,1.9052380952380954,38.1047619047619,QuickBooks-2012-Parsed
2012-02-06,dd Centex E,31.0,1.4761904761904763,29.523809523809526,QuickBooks-2012-Parsed
2012-02-07,Auto Money Mart D E,3000.0,142.85714285714286,2857.1428571428573,QuickBooks-2012-Parsed
2012-02-08,Online Capital One MC D E,500.0,23.80952380952381,476.1904761904762,QuickBooks-2012-Parsed
2012-02-09,DD CPC / SCP,64.05,3.05,61.0,QuickBooks-2012-Parsed
2012-02-09,DD Centex D,35.99,1.713809523809524,34.27619047619048,QuickBooks-2012-Parsed
2012-02-10,dd Centex D E,52.0,2.4761904761904763,49.523809523809526,QuickBooks-2012-Parsed
2012-02-10,DD Centex D,51.0,2.428571428571429,48.57142857142857,QuickBooks-2012-Parsed
2012-02-10,DD Centex E,42.54,2.025714285714286,40.51428571428571,QuickBooks-2012-Parsed
2012-02-10,DD Tommy Gun N D,34.75,1.6547619047619047,33.095238095238095,QuickBooks-2012-Parsed
2012-02-13,Online Telus Communicatio... I,2083.34,99.20666666666668,1984.1333333333334,QuickBooks-2012-Parsed
2012-02-13,dd Global Liquor Store XK,65.67,3.1271428571428572,62.542857142857144,QuickBooks-2012-Parsed
2012-02-13,DD Centex,42.0,2.0,40.0,QuickBooks-2012-Parsed
2012-02-13,DD Centex K,34.0,1.619047619047619,32.38095238095238,QuickBooks-2012-Parsed
2012-02-14,211 Canada Revenue A... A,3293.56,156.83619047619047,3136.7238095238095,QuickBooks-2012-Parsed
2012-02-14,bD Centex X,140.01,6.667142857142856,133.34285714285713,QuickBooks-2012-Parsed
2012-02-14,DD Fas Gas Plus N,55.0,2.619047619047619,52.38095238095238,QuickBooks-2012-Parsed
2012-02-14,DD Red Deer Co-op A,47.25,2.25,45.0,QuickBooks-2012-Parsed
2012-02-14,DD Centex A,37.73,1.7966666666666664,35.93333333333333,QuickBooks-2012-Parsed
2012-02-15,DD Domo Gas K,52.01,2.476666666666667,49.53333333333333,QuickBooks-2012-Parsed
2012-02-16,WD H A,500.0,23.80952380952381,476.1904761904762,QuickBooks-2012-Parsed
2012-02-17,"ETSF Blades, Mike I K",300.0,14.285714285714285,285.7142857142857,QuickBooks-2012-Parsed
2012-02-17,DD Calgary Parking Aut... K,17.87,0.850952380952381,17.01904761904762,QuickBooks-2012-Parsed
2012-02-20,DD Global Liquor Store A E,325.71,15.509999999999998,310.2,QuickBooks-2012-Parsed
2012-02-20,DD Canadian Tire #329 A H K,296.24,14.106666666666667,282.1333333333333,QuickBooks-2012-Parsed
2012-02-20,DD Fas Gas Plus K,51.01,2.429047619047619,48.58095238095238,QuickBooks-2012-Parsed
2012-02-21,DD Centex K A,43.0,2.0476190476190474,40.95238095238095,QuickBooks-2012-Parsed
2012-02-21,DD Esso A K,31.0,1.4761904761904763,29.523809523809526,QuickBooks-2012-Parsed
2012-02-22,DD Parr Automotive A H,500.0,23.80952380952381,476.1904761904762,QuickBooks-2012-Parsed
2012-02-22,dd Centex H K,35.5,1.6904761904761905,33.80952380952381,QuickBooks-2012-Parsed
2012-02-22,DD PartsSource,10.49,0.4995238095238096,9.99047619047619,QuickBooks-2012-Parsed
2012-02-23,WD,800.0,38.095238095238095,761.9047619047619,QuickBooks-2012-Parsed
2012-02-23,wD K,800.0,38.095238095238095,761.9047619047619,QuickBooks-2012-Parsed
2012-02-23,WD X,200.0,9.523809523809524,190.47619047619048,QuickBooks-2012-Parsed
2012-02-23,212 Andrew Lapoint,112.96,5.379047619047618,107.58095238095237,QuickBooks-2012-Parsed
2012-02-23,WD K,100.0,4.761904761904762,95.23809523809524,QuickBooks-2012-Parsed
2012-02-23,DD Red Deer Registries K,78.9,3.757142857142857,75.14285714285715,QuickBooks-2012-Parsed
2012-02-23,DD Collicut Centre H K,18.0,0.8571428571428571,17.142857142857142,QuickBooks-2012-Parsed
2012-02-24,DD Titan Supply R,439.31,20.91952380952381,418.3904761904762,QuickBooks-2012-Parsed
2012-02-24,Auto Jevco Insurance A H,268.92,12.805714285714286,256.11428571428576,QuickBooks-2012-Parsed
2012-02-24,DD Communications H K,157.5,7.5,150.0,QuickBooks-2012-Parsed
2012-02-24,auTO The Co-operators H K,110.42,5.258095238095239,105.16190476190476,QuickBooks-2012-Parsed
2012-02-24,DD Liquor Depot K,84.31,4.014761904761905,80.29523809523809,QuickBooks-2012-Parsed
2012-02-24,DD Husky H K,67.0,3.1904761904761902,63.80952380952381,QuickBooks-2012-Parsed
2012-02-24,PD Staples H K,66.83,3.182380952380952,63.647619047619045,QuickBooks-2012-Parsed
2012-02-24,dd The Key Hole H,38.54,1.8352380952380951,36.7047619047619,QuickBooks-2012-Parsed
2012-02-24,DD Real Canadian Sup... P,33.55,1.5976190476190475,31.95238095238095,QuickBooks-2012-Parsed
2012-02-20,213 With This Ring Brida...,1050.0,50.0,1000.0,QuickBooks-2012-Parsed
2012-02-29,,5.97,0.28428571428571425,5.685714285714285,QuickBooks-2012-Parsed
2012-03-01,DD Centex,36.01,1.7147619047619047,34.29523809523809,QuickBooks-2012-Parsed
2012-03-02,WD,600.0,28.57142857142857,571.4285714285714,QuickBooks-2012-Parsed
2012-03-02,DD Global Liquor Store,143.95,6.854761904761904,137.09523809523807,QuickBooks-2012-Parsed
2012-03-02,DD Sheraton Red Deer,26.79,1.2757142857142858,25.514285714285712,QuickBooks-2012-Parsed
2012-03-02,DD Centex,10.01,0.4766666666666667,9.533333333333333,QuickBooks-2012-Parsed
2012-03-03,DD Centex,44.5,2.119047619047619,42.38095238095238,QuickBooks-2012-Parsed
2012-03-03,DD Centex,26.51,1.2623809523809524,25.24761904761905,QuickBooks-2012-Parsed
2012-03-05,WD,1337.11,63.67190476190475,1273.4380952380952,QuickBooks-2012-Parsed
2012-03-05,"210 Shellington, Joanne",500.0,23.80952380952381,476.1904761904762,QuickBooks-2012-Parsed
2012-03-05,ETSFR Paul Mansell,400.0,19.047619047619047,380.95238095238096,QuickBooks-2012-Parsed
2012-03-05,DD Husky,119.0,5.666666666666667,113.33333333333333,QuickBooks-2012-Parsed
2012-03-05,DD Centex,61.0,2.904761904761905,58.095238095238095,QuickBooks-2012-Parsed
2012-03-06,Online Telus Communicatio...,2142.59,102.02809523809525,2040.561904761905,QuickBooks-2012-Parsed
2012-03-07,DD Parr Automotive,200.0,9.523809523809524,190.47619047619048,QuickBooks-2012-Parsed
2012-03-07,DD Centex,55.0,2.619047619047619,52.38095238095238,QuickBooks-2012-Parsed
2012-03-08,WD,3000.0,142.85714285714286,2857.1428571428573,QuickBooks-2012-Parsed
2012-03-08,WD,1910.65,90.98333333333335,1819.6666666666667,QuickBooks-2012-Parsed
2012-03-08,214 Heather Gullison,214.56,10.217142857142859,204.34285714285716,QuickBooks-2012-Parsed
2012-03-12,DD Costco Wholesale,107.45,5.116666666666667,102.33333333333334,QuickBooks-2012-Parsed
2012-03-13,WD,800.0,38.095238095238095,761.9047619047619,QuickBooks-2012-Parsed
2012-03-13,WD,200.0,9.523809523809524,190.47619047619048,QuickBooks-2012-Parsed
2012-03-13,Auto,101.14,4.816190476190476,96.32380952380953,QuickBooks-2012-Parsed
2012-03-13,DD Sushi Sushi,13.64,0.6495238095238095,12.99047619047619,QuickBooks-2012-Parsed
2012-03-14,215 Welcome Wagon,150.0,7.142857142857142,142.85714285714286,QuickBooks-2012-Parsed
2012-03-14,"216 O'Neill, Laura",100.0,4.761904761904762,95.23809523809524,QuickBooks-2012-Parsed
2012-03-14,WD,60.0,2.857142857142857,57.142857142857146,QuickBooks-2012-Parsed
2012-03-14,DD Centex,50.0,2.380952380952381,47.61904761904762,QuickBooks-2012-Parsed
2012-03-14,DD Sushi Sushi,33.21,1.5814285714285714,31.62857142857143,QuickBooks-2012-Parsed
2012-03-15,Auto Jack Carter,1885.65,89.79285714285714,1795.857142857143,QuickBooks-2012-Parsed
2012-03-15,DD Vibe Car Auto,262.5,12.5,250.0,QuickBooks-2012-Parsed
2012-03-16,Auto Optimum West Insu...,83.46,3.974285714285714,79.48571428571428,QuickBooks-2012-Parsed
2012-03-19,WD,201.75,9.607142857142858,192.14285714285714,QuickBooks-2012-Parsed
2012-03-19,WD,200.0,9.523809523809524,190.47619047619048,QuickBooks-2012-Parsed
2012-03-19,dd Fas Gas Plus,80.97,3.8557142857142854,77.11428571428571,QuickBooks-2012-Parsed
2012-03-19,DD Centex,53.0,2.523809523809524,50.476190476190474,QuickBooks-2012-Parsed
2012-02-20,213 With This Ring Brida... X,1050.0,50.0,1000.0,QuickBooks-2012-Parsed
2012-03-01,Global Merchant Fees X,1069.62,50.93428571428571,1018.6857142857142,QuickBooks-2012-Parsed
2012-03-01,Centex X,36.01,1.7147619047619047,34.29523809523809,QuickBooks-2012-Parsed
2012-03-02,Paul Richard (v) X,600.0,28.57142857142857,571.4285714285714,QuickBooks-2012-Parsed
2012-03-02,Global Liquor Store,143.95,6.854761904761904,137.09523809523807,QuickBooks-2012-Parsed
2012-03-02,Capri Liquor Store D,26.79,1.2757142857142858,25.514285714285712,QuickBooks-2012-Parsed
2012-03-02,Centex D,10.01,0.4766666666666667,9.533333333333333,QuickBooks-2012-Parsed
2012-03-03,Centex X,44.5,2.119047619047619,42.38095238095238,QuickBooks-2012-Parsed
2012-03-05,"Shellington, Joanne D E",500.0,23.80952380952381,476.1904761904762,QuickBooks-2012-Parsed
2012-03-05,Paul Mansell I,400.0,19.047619047619047,380.95238095238096,QuickBooks-2012-Parsed
2012-03-05,Husky I,119.0,5.666666666666667,113.33333333333333,QuickBooks-2012-Parsed
2012-03-06,Centex,61.0,2.904761904761905,58.095238095238095,QuickBooks-2012-Parsed
2012-03-06,Telus Communicatio...,2142.59,102.02809523809525,2040.561904761905,QuickBooks-2012-Parsed
2012-03-07,Parr's Automotive,200.0,9.523809523809524,190.47619047619048,QuickBooks-2012-Parsed
2012-03-07,Centex H,55.0,2.619047619047619,52.38095238095238,QuickBooks-2012-Parsed
2012-03-08,Paul Richard (v) I,3000.0,142.85714285714286,2857.1428571428573,QuickBooks-2012-Parsed
2012-03-08,Paul Richard (v) R,1910.65,90.98333333333335,1819.6666666666667,QuickBooks-2012-Parsed
2012-03-08,Heather Gullison R H,214.56,10.217142857142859,204.34285714285716,QuickBooks-2012-Parsed
2012-03-08,LFG Business PAD AK,202.27,9.631904761904764,192.63809523809525,QuickBooks-2012-Parsed
2012-03-13,Paul Richard (v) N,800.0,38.095238095238095,761.9047619047619,QuickBooks-2012-Parsed
2012-03-13,Paul Richard (v} A K,200.0,9.523809523809524,190.47619047619048,QuickBooks-2012-Parsed
2012-03-13,1 FG Business PAD K,101.14,4.816190476190476,96.32380952380953,QuickBooks-2012-Parsed
2012-03-13,Sushi Sushi K A,13.64,0.6495238095238095,12.99047619047619,QuickBooks-2012-Parsed
2012-03-14,Welcome Wagon K A,150.0,7.142857142857142,142.85714285714286,QuickBooks-2012-Parsed
2012-03-14,"O'Neill, Laura K H",100.0,4.761904761904762,95.23809523809524,QuickBooks-2012-Parsed
2012-03-14,Paul Richard (v) K A,60.0,2.857142857142857,57.142857142857146,QuickBooks-2012-Parsed
2012-03-14,Centex K A,50.0,2.380952380952381,47.61904761904762,QuickBooks-2012-Parsed
2012-03-14,Sushi Sushi K A,33.21,1.5814285714285714,31.62857142857143,QuickBooks-2012-Parsed
2012-03-15,Jack Carter K H,1885.65,89.79285714285714,1795.857142857143,QuickBooks-2012-Parsed
2012-03-15,Vibe Car Auto U A,262.9,12.519047619047619,250.38095238095235,QuickBooks-2012-Parsed
2012-03-16,Bank Charges & Int... H K,127.5,6.071428571428571,121.42857142857143,QuickBooks-2012-Parsed
2012-03-16,Optimum West insur... H K,83.46,3.974285714285714,79.48571428571428,QuickBooks-2012-Parsed
2012-03-19,Paul Richard (v) A H,201.75,9.607142857142858,192.14285714285714,QuickBooks-2012-Parsed
2012-03-19,Paul Richard (v),200.0,9.523809523809524,190.47619047619048,QuickBooks-2012-Parsed
2012-03-19,Fas (as Plus,80.97,3.8557142857142854,77.11428571428571,QuickBooks-2012-Parsed
2012-03-19,Centex K,53.0,2.523809523809524,50.476190476190474,QuickBooks-2012-Parsed
2012-03-19,"Heffner, Will",35.0,1.6666666666666665,33.333333333333336,QuickBooks-2012-Parsed
2012-03-19,Plaza Liquor Store,33.12,1.577142857142857,31.54285714285714,QuickBooks-2012-Parsed
2012-03-20,"Heffner, Will",2000.0,95.23809523809524,1904.7619047619048,QuickBooks-2012-Parsed
2012-03-21,"Heffner, Will E",2000.0,95.23809523809524,1904.7619047619048,QuickBooks-2012-Parsed
2012-03-21,Paul Richard (v) K,700.0,33.33333333333333,666.6666666666666,QuickBooks-2012-Parsed
2012-03-22,"Heffner, Will I",940.0,44.76190476190476,895.2380952380952,QuickBooks-2012-Parsed
2012-03-23,Paul Richard (v),100.0,4.761904761904762,95.23809523809524,QuickBooks-2012-Parsed
2012-03-26,IFS Premium Finance,1271.47,60.546190476190475,1210.9238095238095,QuickBooks-2012-Parsed
2012-03-26,Jevco Insurance,268.92,12.805714285714286,256.11428571428576,QuickBooks-2012-Parsed
2012-03-26,Run'n On Empty,188.98,8.99904761904762,179.98095238095237,QuickBooks-2012-Parsed
2012-03-28,AMEX,4.95,0.23571428571428574,4.714285714285714,QuickBooks-2012-Parsed
2012-03-29,Paul Richard (v) K,2200.0,104.76190476190476,2095.2380952380954,QuickBooks-2012-Parsed
2012-03-31,Bank Charges & Int... P,36.5,1.7380952380952381,34.76190476190476,QuickBooks-2012-Parsed
2012-03-31,,75.43,3.5919047619047624,71.83809523809525,QuickBooks-2012-Parsed
2012-04-01,dd Centex,22.0,1.0476190476190477,20.952380952380953,QuickBooks-2012-Parsed
2012-04-02,dd Global Merchant Fees,791.87,37.70809523809524,754.1619047619048,QuickBooks-2012-Parsed
2012-04-02,dd Liquor Depot,59.38,2.8276190476190477,56.55238095238096,QuickBooks-2012-Parsed
2012-04-03,dd Money Mart,300.0,14.285714285714285,285.7142857142857,QuickBooks-2012-Parsed
2012-04-03,dd Costco Wholesale,136.49,6.49952380952381,129.9904761904762,QuickBooks-2012-Parsed
2012-04-04,dd Windshield Surgeons,215.25,10.25,205.0,QuickBooks-2012-Parsed
2012-04-04,dd Details Window & Ti...,131.25,6.25,125.0,QuickBooks-2012-Parsed
2012-04-04,dd Tony Romas,99.59,4.742380952380953,94.84761904761905,QuickBooks-2012-Parsed
2012-04-05,Tsf Paul Richard (v),750.0,35.714285714285715,714.2857142857143,QuickBooks-2012-Parsed
2012-04-05,dd Centex,64.21,3.0576190476190472,61.152380952380945,QuickBooks-2012-Parsed
2012-04-05,dd Tim Horton's,9.64,0.4590476190476191,9.180952380952382,QuickBooks-2012-Parsed
2012-04-06,dd Fas Gas Plus,53.44,2.544761904761905,50.89523809523809,QuickBooks-2012-Parsed
2012-04-08,dd Centex,40.0,1.9047619047619047,38.095238095238095,QuickBooks-2012-Parsed
2012-04-09,dd LFG Business PAD,202.27,9.631904761904764,192.63809523809525,QuickBooks-2012-Parsed
2012-04-09,dd LFG Business PAD,101.14,4.816190476190476,96.32380952380953,QuickBooks-2012-Parsed
2012-04-09,w/d Paul Richard (v),100.0,4.761904761904762,95.23809523809524,QuickBooks-2012-Parsed
2012-04-09,dd Co-op Deer Park Ce...,56.06,2.6695238095238096,53.39047619047619,QuickBooks-2012-Parsed
2012-04-10,dd Telus Communicatio...,2945.15,140.2452380952381,2804.904761904762,QuickBooks-2012-Parsed
2012-04-10,dd Capital One MC,2730.56,130.02666666666664,2600.5333333333333,QuickBooks-2012-Parsed
2012-04-10,Tsf Paul Richard (v),1350.18,64.2942857142857,1285.8857142857144,QuickBooks-2012-Parsed
2012-04-10,dd D&M Align & Brake,915.3,43.58571428571428,871.7142857142857,QuickBooks-2012-Parsed
2012-04-11,WD Eric,500.0,23.80952380952381,476.1904761904762,QuickBooks-2012-Parsed
2012-04-12,249 Mark Linton,3000.0,142.85714285714286,2857.1428571428573,QuickBooks-2012-Parsed
2012-04-12,w/d Paul Richard (v),800.0,38.095238095238095,761.9047619047619,QuickBooks-2012-Parsed
2012-04-12,w/d Paul Richard (v),200.0,9.523809523809524,190.47619047619048,QuickBooks-2012-Parsed
2012-04-12,dd Piccolo Pizza,74.09,3.528095238095238,70.56190476190477,QuickBooks-2012-Parsed
2012-04-12,dd Centex,31.0,1.4761904761904763,29.523809523809526,QuickBooks-2012-Parsed
2012-04-15,dd Co-op Deer Park Ce...,110.97,5.284285714285715,105.68571428571428,QuickBooks-2012-Parsed
2012-04-16,dd Jack Carter,1885.65,89.79285714285714,1795.857142857143,QuickBooks-2012-Parsed
2012-04-16,dd Optimum West Insur...,83.46,3.974285714285714,79.48571428571428,QuickBooks-2012-Parsed
2012-04-17,dd Centex,36.56,1.7409523809523813,34.81904761904762,QuickBooks-2012-Parsed
2012-04-19,dd Centex,88.33,4.206190476190476,84.12380952380953,QuickBooks-2012-Parsed
2012-04-19,dd George's Pizza ~,28.93,1.3776190476190477,27.55238095238095,QuickBooks-2012-Parsed
2012-04-19,dd Phil's Restaurant,26.83,1.2776190476190474,25.55238095238095,QuickBooks-2012-Parsed
2012-04-20,dd Plaza Liquor Store,77.67,3.6985714285714284,73.97142857142858,QuickBooks-2012-Parsed
2012-04-21,dd Global Liquor Store,282.35,13.445238095238096,268.9047619047619,QuickBooks-2012-Parsed
2012-04-23,dd Liquor Depot,73.84,3.5161904761904763,70.32380952380953,QuickBooks-2012-Parsed
2012-04-23,dd Centex,87.75,4.178571428571429,83.57142857142857,QuickBooks-2012-Parsed
2012-04-24,dd Best Buy,1968.77,93.75095238095238,1875.0190476190476,QuickBooks-2012-Parsed
2012-04-24,dd IFS Premium Finance,1271.47,60.546190476190475,1210.9238095238095,QuickBooks-2012-Parsed
2012-04-24,dd Jevco Insurance,268.92,12.805714285714286,256.11428571428576,QuickBooks-2012-Parsed
2012-04-24,dd Canadian Tire.,192.64,9.173333333333332,183.46666666666664,QuickBooks-2012-Parsed
2012-04-24,dd Home Depot,122.56,5.836190476190476,116.72380952380952,QuickBooks-2012-Parsed
2012-04-24,dd Costco Wholesale,73.49,3.4995238095238093,69.99047619047619,QuickBooks-2012-Parsed
2012-04-24,dd Staples,16.7,0.7952380952380952,15.904761904761903,QuickBooks-2012-Parsed
2012-04-25,dd Centex,187.41,8.924285714285714,178.4857142857143,QuickBooks-2012-Parsed
2012-04-25,dd Flying J,50.0,2.380952380952381,47.61904761904762,QuickBooks-2012-Parsed
2012-04-27,dd IFS Premium Finance,203.39,9.685238095238095,193.70476190476188,QuickBooks-2012-Parsed
2012-04-27,dd Plaza Liquor Store,202.2,9.628571428571428,192.57142857142856,QuickBooks-2012-Parsed
2012-04-30,254 Revenue Canada,701.86,33.42190476190476,668.4380952380952,QuickBooks-2012-Parsed
2012-04-30,dd Bank Charges & Int...,83.0,3.9523809523809526,79.04761904761905,QuickBooks-2012-Parsed
2012-04-30,dd AMEX,4.95,0.23571428571428574,4.714285714285714,QuickBooks-2012-Parsed
2012-05-01,261 Ace Truck,2700.0,128.57142857142856,2571.4285714285716,QuickBooks-2012-Parsed
2012-05-01,TSF,650.0,30.952380952380953,619.047619047619,QuickBooks-2012-Parsed
2012-05-01,259 Minister of Finance,50.0,2.380952380952381,47.61904761904762,QuickBooks-2012-Parsed
2012-02-20,213 With This Ring Brida... ¢,1050.0,50.0,1000.0,QuickBooks-2012-Parsed
2012-03-01,DD Centex,36.01,1.7147619047619047,34.29523809523809,QuickBooks-2012-Parsed
2012-03-02,WD X,600.0,28.57142857142857,571.4285714285714,QuickBooks-2012-Parsed
2012-03-02,DD Global Liquor Store HC,143.95,6.854761904761904,137.09523809523807,QuickBooks-2012-Parsed
2012-03-02,DD Sheraton Red Deer DC,26.79,1.2757142857142858,25.514285714285712,QuickBooks-2012-Parsed
2012-03-03,DD Centex DE,26.51,1.2623809523809524,25.24761904761905,QuickBooks-2012-Parsed
2012-03-05,WD DK,1337.11,63.67190476190475,1273.4380952380952,QuickBooks-2012-Parsed
2012-03-05,"210 Shellington, Joanne DX",500.0,23.80952380952381,476.1904761904762,QuickBooks-2012-Parsed
2012-03-07,DD Parr Automotive DE,200.0,9.523809523809524,190.47619047619048,QuickBooks-2012-Parsed
2012-03-08,214 Heather Guillison E,214.56,10.217142857142859,204.34285714285716,QuickBooks-2012-Parsed
2012-03-12,DD Costco Wholesale E,107.45,5.116666666666667,102.33333333333334,QuickBooks-2012-Parsed
2012-03-13,WD D,800.0,38.095238095238095,761.9047619047619,QuickBooks-2012-Parsed
2012-03-13,WD D,200.0,9.523809523809524,190.47619047619048,QuickBooks-2012-Parsed
2012-03-13,Auto X,101.14,4.816190476190476,96.32380952380953,QuickBooks-2012-Parsed
2012-03-13,DD Sushi Sushi N,13.64,0.6495238095238095,12.99047619047619,QuickBooks-2012-Parsed
2012-03-14,215 Welcome Wagon D,150.0,7.142857142857142,142.85714285714286,QuickBooks-2012-Parsed
2012-03-14,"216 O'Neill, Laura E",100.0,4.761904761904762,95.23809523809524,QuickBooks-2012-Parsed
2012-03-14,PD Centex D E,50.0,2.380952380952381,47.61904761904762,QuickBooks-2012-Parsed
2012-03-14,DD Sushi Sushi,33.21,1.5814285714285714,31.62857142857143,QuickBooks-2012-Parsed
2012-03-15,Auto Jack Carter,1885.65,89.79285714285714,1795.857142857143,QuickBooks-2012-Parsed
2012-03-15,DD Vibe Car Auto,262.5,12.5,250.0,QuickBooks-2012-Parsed
2012-03-16,Auto Optimum West insu... R,83.46,3.974285714285714,79.48571428571428,QuickBooks-2012-Parsed
2012-03-19,WD R,201.75,9.607142857142858,192.14285714285714,QuickBooks-2012-Parsed
2012-03-19,dd Fas Gas Plus X,80.97,3.8557142857142854,77.11428571428571,QuickBooks-2012-Parsed
2012-03-19,DD Centex H,53.0,2.523809523809524,50.476190476190474,QuickBooks-2012-Parsed
2012-03-19,dd Phil's Restaurant I K,29.74,1.4161904761904762,28.323809523809523,QuickBooks-2012-Parsed
2012-03-19,"ETsfr Heffner, Will H",25.0,1.1904761904761905,23.80952380952381,QuickBooks-2012-Parsed
2012-03-20,"ETSF Heffner, Will A H",2000.0,95.23809523809524,1904.7619047619048,QuickBooks-2012-Parsed
2012-03-21,"E Tsf Heffner, Will H",2000.0,95.23809523809524,1904.7619047619048,QuickBooks-2012-Parsed
2012-03-21,WD R,700.0,33.33333333333333,666.6666666666666,QuickBooks-2012-Parsed
2012-03-22,"E TSFR Heffner, Will X",940.0,44.76190476190476,895.2380952380952,QuickBooks-2012-Parsed
2012-03-23,WD A,100.0,4.761904761904762,95.23809523809524,QuickBooks-2012-Parsed
2012-03-26,Auto IFS Premium Finance A X,1271.47,60.546190476190475,1210.9238095238095,QuickBooks-2012-Parsed
2012-03-26,Auto Jevco Insurance H K,268.92,12.805714285714286,256.11428571428576,QuickBooks-2012-Parsed
2012-03-26,DD Run'n On Empty X,188.98,8.99904761904762,179.98095238095237,QuickBooks-2012-Parsed
2012-03-26,DD Jumbo Car Wash A H,100.0,4.761904761904762,95.23809523809524,QuickBooks-2012-Parsed
2012-03-27,DD Red Deer Registries H K,518.0,24.666666666666668,493.3333333333333,QuickBooks-2012-Parsed
2012-03-27,Auto Cooperators CSI H ~,110.42,5.258095238095239,105.16190476190476,QuickBooks-2012-Parsed
2012-03-31,X,1585.33,75.49190476190476,1509.838095238095,QuickBooks-2012-Parsed
2012-03-31,,131.29,6.251904761904761,125.03809523809522,QuickBooks-2012-Parsed
2012-04-01,DD Centex,22.0,1.0476190476190477,20.952380952380953,QuickBooks-2012-Parsed
2012-04-04,DD Windshield Surgeons,215.25,10.25,205.0,QuickBooks-2012-Parsed
2012-04-04,DD Details Window & Ti...,131.25,6.25,125.0,QuickBooks-2012-Parsed
2012-04-04,DD Tony Romas,99.58,4.741904761904761,94.83809523809524,QuickBooks-2012-Parsed
2012-04-06,DD Fas Gas Plus,53.44,2.544761904761905,50.89523809523809,QuickBooks-2012-Parsed
2012-04-08,DD Centex,40.0,1.9047619047619047,38.095238095238095,QuickBooks-2012-Parsed
2012-04-09,DD Windshield Surgeons,215.25,10.25,205.0,QuickBooks-2012-Parsed
2012-04-09,DD Co-op Deer Park Ce...,56.06,2.6695238095238096,53.39047619047619,QuickBooks-2012-Parsed
2012-04-10,PD D&M Align & Brake,915.3,43.58571428571428,871.7142857142857,QuickBooks-2012-Parsed
2012-04-11,WD Eric,500.0,23.80952380952381,476.1904761904762,QuickBooks-2012-Parsed
2012-04-12,DD Centex,31.0,1.4761904761904763,29.523809523809526,QuickBooks-2012-Parsed
2012-04-17,DD Centex,36.56,1.7409523809523813,34.81904761904762,QuickBooks-2012-Parsed
2012-04-24,DD Costco Wholesale,73.49,3.4995238095238093,69.99047619047619,QuickBooks-2012-Parsed
2012-04-25,DD Flying J,20.0,0.9523809523809523,19.047619047619047,QuickBooks-2012-Parsed
2014-01-31,,115.42,5.496190476190477,109.92380952380952,QuickBooks-2012-Parsed
2014-02-28,,61.15,2.9119047619047618,58.238095238095234,QuickBooks-2012-Parsed
2014-03-31,,119.39,5.685238095238095,113.70476190476191,QuickBooks-2012-Parsed
2014-04-30,,110.51,5.262380952380953,105.24761904761905,QuickBooks-2012-Parsed
2014-05-31,,115.07,5.479523809523809,109.59047619047618,QuickBooks-2012-Parsed
2015-01-16,42,3494.63,166.41095238095238,3328.2190476190476,QuickBooks-2012-Parsed
2015-08-31,,412.32,19.634285714285713,392.68571428571425,QuickBooks-2012-Parsed
2012-04-02,236 K,1702.44,81.06857142857145,1621.3714285714286,QuickBooks-2012-Parsed
2012-04-02,dd Global Merchant Fees,791.87,37.70809523809524,754.1619047619048,QuickBooks-2012-Parsed
2012-04-02,dd Liquor Depot,59.38,2.8276190476190477,56.55238095238096,QuickBooks-2012-Parsed
2012-04-03,237 K,2193.19,104.43761904761905,2088.752380952381,QuickBooks-2012-Parsed
2012-04-03,"EMT Heffner, Will K H",2000.0,95.23809523809524,1904.7619047619048,QuickBooks-2012-Parsed
2012-04-03,dd Money Mart H,300.0,14.285714285714285,285.7142857142857,QuickBooks-2012-Parsed
2012-04-03,235 X,197.83,9.42047619047619,188.40952380952382,QuickBooks-2012-Parsed
2012-04-03,dd Costco Wholesale H,136.49,6.49952380952381,129.9904761904762,QuickBooks-2012-Parsed
2012-04-03,A H,30.0,1.4285714285714286,28.571428571428573,QuickBooks-2012-Parsed
2012-04-04,Details Window & Ti... H,131.5,6.261904761904762,125.23809523809524,QuickBooks-2012-Parsed
2012-04-04,Tony Romas H,99.59,4.742380952380953,94.84761904761905,QuickBooks-2012-Parsed
2012-04-05,Paul Richard (v) A,750.0,35.714285714285715,714.2857142857143,QuickBooks-2012-Parsed
2012-04-08,Centex,40.0,1.9047619047619047,38.095238095238095,QuickBooks-2012-Parsed
2012-04-09,R,2147.46,102.26,2045.2,QuickBooks-2012-Parsed
2012-04-09,Windshield Surgeons A,215.25,10.25,205.0,QuickBooks-2012-Parsed
2012-04-09,LFG Business PAD,101.14,4.816190476190476,96.32380952380953,QuickBooks-2012-Parsed
2012-04-09,Co-op Deer Park Ce...,56.06,2.6695238095238096,53.39047619047619,QuickBooks-2012-Parsed
2012-04-10,Telus Communicatio...,2945.15,140.2452380952381,2804.904761904762,QuickBooks-2012-Parsed
2012-04-10,Capital One MC K,2730.56,130.02666666666664,2600.5333333333333,QuickBooks-2012-Parsed
2012-04-10,Paul Richard (v) A K,1350.18,64.2942857142857,1285.8857142857144,QuickBooks-2012-Parsed
2012-04-10,D&M Align & Brake A K,915.3,43.58571428571428,871.7142857142857,QuickBooks-2012-Parsed
2012-04-10,Enmax K H,821.58,39.12285714285715,782.4571428571429,QuickBooks-2012-Parsed
2012-04-11,A K,6581.41,313.40047619047624,6268.009523809524,QuickBooks-2012-Parsed
2012-04-11,A,2776.36,132.20761904761906,2644.152380952381,QuickBooks-2012-Parsed
2012-04-11,K E,2525.25,120.25,2405.0,QuickBooks-2012-Parsed
2012-04-11,K,2000.0,95.23809523809524,1904.7619047619048,QuickBooks-2012-Parsed
2012-04-11,A X,953.25,45.39285714285714,907.8571428571429,QuickBooks-2012-Parsed
2012-04-11,Eric K H,500.0,23.80952380952381,476.1904761904762,QuickBooks-2012-Parsed
2012-04-12,K H,6500.0,309.5238095238095,6190.476190476191,QuickBooks-2012-Parsed
2012-04-12,H,1475.25,70.25,1405.0,QuickBooks-2012-Parsed
2012-04-12,E,1050.0,50.0,1000.0,QuickBooks-2012-Parsed
2012-04-12,Paul Richard (v) M,200.0,9.523809523809524,190.47619047619048,QuickBooks-2012-Parsed
2012-04-12,Piccolo Pizza A,74.09,3.528095238095238,70.56190476190477,QuickBooks-2012-Parsed
2012-04-12,Centex K,31.0,1.4761904761904763,29.523809523809526,QuickBooks-2012-Parsed
2012-04-15,Co-op Deer Park Ce... A,110.97,5.284285714285715,105.68571428571428,QuickBooks-2012-Parsed
2012-04-16,I,3000.0,142.85714285714286,2857.1428571428573,QuickBooks-2012-Parsed
2012-04-16,Jack Carter K,1885.65,89.79285714285714,1795.857142857143,QuickBooks-2012-Parsed
2012-04-16,Optimum West Insur... A H,83.46,3.974285714285714,79.48571428571428,QuickBooks-2012-Parsed
2012-04-17,Centex K,36.56,1.7409523809523813,34.81904761904762,QuickBooks-2012-Parsed
2012-04-18,,2191.47,104.35571428571427,2087.1142857142854,QuickBooks-2012-Parsed
2012-04-19,Centex I,88.33,4.206190476190476,84.12380952380953,QuickBooks-2012-Parsed
2012-04-19,George's Pizza K,28.93,1.3776190476190477,27.55238095238095,QuickBooks-2012-Parsed
2012-04-19,Phil's Restaurant A,26.83,1.2776190476190474,25.55238095238095,QuickBooks-2012-Parsed
2012-04-20,Plaza Liquor Store,77.67,3.6985714285714284,73.97142857142858,QuickBooks-2012-Parsed
2012-04-21,Global Liquor Store,282.35,13.445238095238096,268.9047619047619,QuickBooks-2012-Parsed
2012-04-23,Liquor Depot,73.84,3.5161904761904763,70.32380952380953,QuickBooks-2012-Parsed
2012-04-23,Centex H,67.75,3.2261904761904763,64.52380952380952,QuickBooks-2012-Parsed
2012-04-24,Best Buy H,1969.77,93.79857142857142,1875.9714285714285,QuickBooks-2012-Parsed
2012-04-24,IFS Premium Finance H,1271.47,60.546190476190475,1210.9238095238095,QuickBooks-2012-Parsed
2012-04-24,Jevco Insurance A,268.92,12.805714285714286,256.11428571428576,QuickBooks-2012-Parsed
2012-04-24,Canadian Tire. L,102.64,4.887619047619048,97.75238095238095,QuickBooks-2012-Parsed
2012-04-24,Home Depot I,122.56,5.836190476190476,116.72380952380952,QuickBooks-2012-Parsed
2012-04-24,Peavey Mart I,27.29,1.2995238095238095,25.99047619047619,QuickBooks-2012-Parsed
2012-04-24,Staples M,16.7,0.7952380952380952,15.904761904761903,QuickBooks-2012-Parsed
2012-04-01,DD Centex XX,22.0,1.0476190476190477,20.952380952380953,QuickBooks-2012-Parsed
2012-04-04,DD Windshield Surgeons XK,215.25,10.25,205.0,QuickBooks-2012-Parsed
2012-04-04,DD Details Window & Ti... XA H,131.25,6.25,125.0,QuickBooks-2012-Parsed
2012-04-04,DD Tony Romas X,99.59,4.742380952380953,94.84761904761905,QuickBooks-2012-Parsed
2012-04-06,DD Fas Gas Plus A,53.44,2.544761904761905,50.89523809523809,QuickBooks-2012-Parsed
2012-04-08,DD Centex K,40.0,1.9047619047619047,38.095238095238095,QuickBooks-2012-Parsed
2012-04-09,DD Windshield Surgeons X A,215.25,10.25,205.0,QuickBooks-2012-Parsed
2012-04-09,DD Co-op Deer Park Ce... H K,56.06,2.6695238095238096,53.39047619047619,QuickBooks-2012-Parsed
2012-04-10,DD D&M Align & Brake X A,915.3,43.58571428571428,871.7142857142857,QuickBooks-2012-Parsed
2012-04-11,WD Eric H K,500.0,23.80952380952381,476.1904761904762,QuickBooks-2012-Parsed
2012-04-12,DD Centex K,31.0,1.4761904761904763,29.523809523809526,QuickBooks-2012-Parsed
2012-04-17,DD Centex A,36.56,1.7409523809523813,34.81904761904762,QuickBooks-2012-Parsed
2012-04-24,Db Costco Wholesale R,73.49,3.4995238095238093,69.99047619047619,QuickBooks-2012-Parsed
2012-04-25,DD Flying J H K,20.0,0.9523809523809523,19.047619047619047,QuickBooks-2012-Parsed
2014-02-28,,61.15,2.9119047619047618,58.238095238095234,QuickBooks-2012-Parsed
2014-03-31,,119.39,5.685238095238095,113.70476190476191,QuickBooks-2012-Parsed
2014-05-31,,115.07,5.479523809523809,109.59047619047618,QuickBooks-2012-Parsed
2015-01-16,42,3494.63,166.41095238095238,3328.2190476190476,QuickBooks-2012-Parsed
2015-08-31,,412.32,19.634285714285713,392.68571428571425,QuickBooks-2012-Parsed
2014-02-28,,61.15,2.9119047619047618,58.238095238095234,QuickBooks-2012-Parsed
2014-03-31,,119.39,5.685238095238095,113.70476190476191,QuickBooks-2012-Parsed
2014-04-30,,110.58,5.265714285714285,105.31428571428572,QuickBooks-2012-Parsed
2014-05-31,,115.07,5.479523809523809,109.59047619047618,QuickBooks-2012-Parsed
2015-01-16,42,3494.63,166.41095238095238,3328.2190476190476,QuickBooks-2012-Parsed
2012-04-17,249 Mark Linton X,3000.0,142.85714285714286,2857.1428571428573,QuickBooks-2012-Parsed
2012-04-30,254 Revenue Canada -X,701.86,33.42190476190476,668.4380952380952,QuickBooks-2012-Parsed
2012-05-01,261 Ace Truck X,2700.0,128.57142857142856,2571.4285714285716,QuickBooks-2012-Parsed
2012-05-01,dd Global Merchant Fees X,1170.45,55.73571428571429,1114.7142857142858,QuickBooks-2012-Parsed
2012-05-01,Tsf Paul Richard (v) X,650.0,30.952380952380953,619.047619047619,QuickBooks-2012-Parsed
2012-05-01,259 Minister of Finance X,50.0,2.380952380952381,47.61904761904762,QuickBooks-2012-Parsed
2012-05-03,dd Global Liquor Store X,312.23,14.868095238095238,297.3619047619048,QuickBooks-2012-Parsed
2012-05-03,dd A Buck or Two X,75.6,3.5999999999999996,72.0,QuickBooks-2012-Parsed
2012-05-04,255 Angel Escobar X,1756.2,83.62857142857143,1672.5714285714287,QuickBooks-2012-Parsed
2012-05-04,256 Jeannie Shillington X,1500.54,71.45428571428572,1429.0857142857142,QuickBooks-2012-Parsed
2012-05-04,257 Paul Mansell X,996.46,47.450476190476195,949.0095238095239,QuickBooks-2012-Parsed
2012-05-04,dd Liquor Depot X,279.4,13.304761904761904,266.0952380952381,QuickBooks-2012-Parsed
2012-05-04,dd Global Liquor Store X,181.73,8.653809523809523,173.07619047619048,QuickBooks-2012-Parsed
2012-05-04,dd Fas Gas Plus X,154.0,7.333333333333333,146.66666666666666,QuickBooks-2012-Parsed
2012-05-04,dd Global Liquor Store X,94.65,4.507142857142858,90.14285714285715,QuickBooks-2012-Parsed
2012-05-04,dd Centex X,89.5,4.261904761904762,85.23809523809524,QuickBooks-2012-Parsed
2012-05-04,dd Safeway X,88.34,4.206666666666667,84.13333333333334,QuickBooks-2012-Parsed
2012-05-04,dd Liquor Depot X,80.52,3.834285714285714,76.68571428571428,QuickBooks-2012-Parsed
2012-05-04,dd Centex X,47.5,2.261904761904762,45.23809523809524,QuickBooks-2012-Parsed
2012-05-04,dd Phil's Restaurant X,45.74,2.1780952380952385,43.56190476190476,QuickBooks-2012-Parsed
2012-05-04,dd Centex X,37.5,1.7857142857142856,35.714285714285715,QuickBooks-2012-Parsed
2012-05-05,dd Future Shop Red Deer X,78.73,3.7490476190476194,74.98095238095239,QuickBooks-2012-Parsed
2012-05-07,dd LFG Business PAD X,101.14,4.816190476190476,96.32380952380953,QuickBooks-2012-Parsed
2012-05-07,dd Five Guys Burgers &... X,36.26,1.7266666666666666,34.53333333333333,QuickBooks-2012-Parsed
2012-05-08,231 Heffner Lexus Toyota X,1900.5,90.5,1810.0,QuickBooks-2012-Parsed
2012-05-08,258 Jeannie Shillington X,1588.86,75.66,1513.1999999999998,QuickBooks-2012-Parsed
2012-05-08,217 Heffner Lexus Toyota X,1475.25,70.25,1405.0,QuickBooks-2012-Parsed
2012-05-08,dd LFG Business PAD X,202.27,9.631904761904764,192.63809523809525,QuickBooks-2012-Parsed
2012-05-08,dd Global Liquor Store X,98.6,4.6952380952380945,93.9047619047619,QuickBooks-2012-Parsed
2012-05-08,dd Centex X,61.0,2.904761904761905,58.095238095238095,QuickBooks-2012-Parsed
2012-05-08,dd 67th Street Liquor X,50.67,2.412857142857143,48.25714285714286,QuickBooks-2012-Parsed
2012-05-10,dd Future Shop Red Deer X,155.37,7.398571428571429,147.9714285714286,QuickBooks-2012-Parsed
2012-05-10,dd Centex X,37.0,1.7619047619047619,35.23809523809524,QuickBooks-2012-Parsed
2012-05-11,dd Liquor Town X,186.59,8.885238095238096,177.7047619047619,QuickBooks-2012-Parsed
2012-05-12,dd Liquor Town X,160.95,7.664285714285714,153.28571428571428,QuickBooks-2012-Parsed
2012-05-14,dd Plaza Liquor Store X,289.25,13.773809523809524,275.4761904761905,QuickBooks-2012-Parsed
2012-05-14,dd Carriage Auto X,181.0,8.619047619047619,172.38095238095238,QuickBooks-2012-Parsed
2012-05-14,dd Centex X,98.12,4.672380952380952,93.44761904761906,QuickBooks-2012-Parsed
2012-05-15,dd Receiver General X,1905.88,90.75619047619048,1815.1238095238095,QuickBooks-2012-Parsed
2012-05-15,dd Jack Carter X,1885.65,89.79285714285714,1795.857142857143,QuickBooks-2012-Parsed
2012-05-15,« EMT Dave Richard X,1000.0,47.61904761904762,952.3809523809524,QuickBooks-2012-Parsed
2012-05-15,w/d Paul Richard (v) X,700.0,33.33333333333333,666.6666666666666,QuickBooks-2012-Parsed
2012-05-16,dd Future Shop Red Deer X,198.08,9.432380952380953,188.64761904761906,QuickBooks-2012-Parsed
2012-05-15,dd Plaza Liquor Store X,134.84,6.420952380952381,128.41904761904763,QuickBooks-2012-Parsed
2012-05-15,dd Wholesale Club X,79.8,3.8,76.0,QuickBooks-2012-Parsed
2012-05-15,dd Centex X,47.01,2.2385714285714284,44.77142857142857,QuickBooks-2012-Parsed
2012-05-15,dd Phil's Restaurant X,34.72,1.6533333333333333,33.06666666666666,QuickBooks-2012-Parsed
2012-05-15,dd Revenue Canada X,29.1,1.3857142857142857,27.714285714285715,QuickBooks-2012-Parsed
2012-05-16,"260 Berglund, Louise X",6000.0,285.7142857142857,5714.285714285715,QuickBooks-2012-Parsed
2012-05-16,225 Heffner Lexus Toyota X,2525.25,120.25,2405.0,QuickBooks-2012-Parsed
2012-05-16,232 Heffner Lexus Toyota X,1900.5,90.5,1810.0,QuickBooks-2012-Parsed
2012-05-16,219 Heffner Lexus Toyota X,1475.25,70.25,1405.0,QuickBooks-2012-Parsed
2012-05-16,dd Vibe Car Auto X,1137.03,54.144285714285715,1082.8857142857144,QuickBooks-2012-Parsed
2012-05-16,dd Liquor Town X,117.78,5.6085714285714285,112.17142857142858,QuickBooks-2012-Parsed
2012-05-16,dd Optimum West Insur... X,83.46,3.974285714285714,79.48571428571428,QuickBooks-2012-Parsed
2012-05-16,dd Centex X,71.0,3.380952380952381,67.61904761904762,QuickBooks-2012-Parsed
2012-05-16,dd Copies Now X,17.7,0.8428571428571429,16.857142857142858,QuickBooks-2012-Parsed
2012-05-17,w/d Paul Richard (v) X,100.0,4.761904761904762,95.23809523809524,QuickBooks-2012-Parsed
2012-05-17,dd Centex X,48.01,2.2861904761904763,45.72380952380952,QuickBooks-2012-Parsed
2012-05-18,wid Money Mart X,300.0,14.285714285714285,285.7142857142857,QuickBooks-2012-Parsed
2012-05-18,dd Plaza Liquor Store X,141.69,6.747142857142857,134.94285714285715,QuickBooks-2012-Parsed
2012-05-18,dd Husky X,80.11,3.8147619047619052,76.29523809523809,QuickBooks-2012-Parsed
2012-05-18,dd Capri Liquor Store X,24.99,1.19,23.799999999999997,QuickBooks-2012-Parsed
2012-05-23,dd Co-op Deer Park Ce... X,167.35,7.969047619047618,159.38095238095238,QuickBooks-2012-Parsed
2012-06-01,ETSFR Dave Richard X,2000.0,95.23809523809524,1904.7619047619048,QuickBooks-2012-Parsed
2012-06-01,DD Best Buy #960 X,635.02,30.239047619047618,604.7809523809524,QuickBooks-2012-Parsed
2012-06-01,WD X,300.0,14.285714285714285,285.7142857142857,QuickBooks-2012-Parsed
2012-06-01,WD X,200.0,9.523809523809524,190.47619047619048,QuickBooks-2012-Parsed
2012-06-01,DD Liquor Depot X,65.28,3.1085714285714285,62.17142857142857,QuickBooks-2012-Parsed
2012-06-01,PD Centex X,55.0,2.619047619047619,52.38095238095238,QuickBooks-2012-Parsed
2012-06-02,", DD Centex X",140.0,6.666666666666666,133.33333333333334,QuickBooks-2012-Parsed
2012-06-02,DD Centex X,115.18,5.484761904761905,109.6952380952381,QuickBooks-2012-Parsed
2012-06-04,DD Nyman's Artmark X,343.88,16.375238095238092,327.5047619047619,QuickBooks-2012-Parsed
2012-06-04,DD Ben Moss X,341.25,16.25,325.0,QuickBooks-2012-Parsed
2012-06-04,DD The Bay X,191.63,9.125238095238094,182.5047619047619,QuickBooks-2012-Parsed
2012-06-04,DD West 49 X,131.25,6.25,125.0,QuickBooks-2012-Parsed
2012-06-04,DD Warehouse One X,128.59,6.123333333333334,122.46666666666667,QuickBooks-2012-Parsed
2012-06-06,271 Jeannie Shillington X,3483.79,165.8947619047619,3317.8952380952383,QuickBooks-2012-Parsed
2012-06-06,269 Paul Mansell X,3244.25,154.48809523809524,3089.7619047619046,QuickBooks-2012-Parsed
2012-06-06,267 Telus Communicatio... X,2247.45,107.02142857142857,2140.428571428571,QuickBooks-2012-Parsed
2012-06-06,272 Michael Richard X,1701.33,81.01571428571428,1620.3142857142857,QuickBooks-2012-Parsed
2012-06-06,DD Smugglers Inn X,1213.38,57.78000000000001,1155.6000000000001,QuickBooks-2012-Parsed
2012-06-06,266 Doug Redmond (v) X,921.46,43.879047619047626,877.5809523809525,QuickBooks-2012-Parsed
2012-06-06,265 Jesse Gordon X,377.99,17.999523809523808,359.9904761904762,QuickBooks-2012-Parsed
2012-06-06,270 Mark Linton X,176.71,8.414761904761907,168.2952380952381,QuickBooks-2012-Parsed
2012-06-06,268 Barry Forsberg X,123.94,5.9019047619047615,118.03809523809524,QuickBooks-2012-Parsed
2012-06-08,264 Jesse Gordon X,198.79,9.466190476190476,189.32380952380953,QuickBooks-2012-Parsed
2012-06-11,Online Telus Communicatio... X.,2992.47,142.49857142857144,2849.9714285714285,QuickBooks-2012-Parsed
2012-06-11,© 274 Fibrenew X,1050.0,50.0,1000.0,QuickBooks-2012-Parsed
2012-06-11,262 CFB X,460.0,21.904761904761905,438.0952380952381,QuickBooks-2012-Parsed
2012-06-11,273 Barry Forsberg X,140.0,6.666666666666666,133.33333333333334,QuickBooks-2012-Parsed
2012-06-14,wD X,3875.49,184.54714285714283,3690.942857142857,QuickBooks-2012-Parsed
2012-06-14,Online Enmax X,709.55,33.78809523809524,675.7619047619047,QuickBooks-2012-Parsed
2012-06-15,Auto Jack Carter X,1885.65,89.79285714285714,1795.857142857143,QuickBooks-2012-Parsed
2012-06-18,Auto Optimum West Insu... X,91.86,4.374285714285714,87.48571428571428,QuickBooks-2012-Parsed
2012-06-19,233 Heffner Lexus Toyota X,1900.5,90.5,1810.0,QuickBooks-2012-Parsed
2012-06-19,220 Heffner Lexus Toyota X,1475.25,70.25,1405.0,QuickBooks-2012-Parsed
2012-06-22,WD X,300.0,14.285714285714285,285.7142857142857,QuickBooks-2012-Parsed
2012-06-25,Auto IFS Premium Finance X,1654.94,78.80666666666667,1576.1333333333334,QuickBooks-2012-Parsed
2012-06-25,Auto Jevco Insurance X,268.92,12.805714285714286,256.11428571428576,QuickBooks-2012-Parsed
2012-06-25,DD Tim Horton's X,4.82,0.22952380952380955,4.590476190476191,QuickBooks-2012-Parsed
2012-06-26,Online Telus Communicatio... X,1525.42,72.63904761904762,1452.7809523809524,QuickBooks-2012-Parsed
2012-06-26,Auto MGM Ford X,863.47,41.11761904761905,822.3523809523809,QuickBooks-2012-Parsed
2012-06-26,Online Telus Communicatio... X,446.18,21.246666666666666,424.93333333333334,QuickBooks-2012-Parsed
2012-06-28,bD Fas Gas Plus X,82.02,3.9057142857142857,78.11428571428571,QuickBooks-2012-Parsed
2012-06-28,DD A&W X,23.29,1.109047619047619,22.18095238095238,QuickBooks-2012-Parsed
2012-06-30,X,2257.45,107.49761904761904,2149.9523809523807,QuickBooks-2012-Parsed
2012-06-30,66 X,2098.23,99.91571428571429,1998.3142857142857,QuickBooks-2012-Parsed
2012-06-30,65 X,921.72,43.89142857142858,877.8285714285714,QuickBooks-2012-Parsed
2012-06-30,67 X,567.01,27.00047619047619,540.0095238095238,QuickBooks-2012-Parsed
2014-03-31,,119.39,5.685238095238095,113.70476190476191,QuickBooks-2012-Parsed
2014-04-30,,110.51,5.262380952380953,105.24761904761905,QuickBooks-2012-Parsed
2014-05-31,,115.07,5.479523809523809,109.59047619047618,QuickBooks-2012-Parsed
2015-01-16,42,3494.63,166.41095238095238,3328.2190476190476,QuickBooks-2012-Parsed
2012-06-30,,3395.52,161.6914285714286,3233.828571428571,QuickBooks-2012-Parsed
2012-05-23,262 CFIB NK,460.0,21.904761904761905,438.0952380952381,QuickBooks-2012-Parsed
2012-05-30,264 Jesse Gordon K,198.79,9.466190476190476,189.32380952380953,QuickBooks-2012-Parsed
2012-06-01,EMT Dave Richard X,2000.0,95.23809523809524,1904.7619047619048,QuickBooks-2012-Parsed
2012-06-01,dd Global Merchant Fees H,1721.82,81.99142857142857,1639.8285714285714,QuickBooks-2012-Parsed
2012-06-01,dd Liquor Barn 67th Str... N AR,208.07,9.908095238095239,198.16190476190476,QuickBooks-2012-Parsed
2012-06-01,wid Paul Richard (v) KN,200.0,9.523809523809524,190.47619047619048,QuickBooks-2012-Parsed
2012-06-01,dd Fas Gas Plus HR,43.57,2.0747619047619046,41.49523809523809,QuickBooks-2012-Parsed
2012-06-01,dd Centex KK,20.01,0.952857142857143,19.057142857142857,QuickBooks-2012-Parsed
2012-06-05,dd A Buck or Two AA H,411.6,19.6,392.0,QuickBooks-2012-Parsed
2012-06-06,dd Choice Auto Electric... K X H,475.03,22.62047619047619,452.40952380952376,QuickBooks-2012-Parsed
2012-06-07,dd Canadian Tire. HH,41.98,1.9990476190476187,39.98095238095238,QuickBooks-2012-Parsed
2012-06-08,dd Liquor Barn 67th Str... K ~,22339.6,1063.790476190476,21275.809523809523,QuickBooks-2012-Parsed
2012-06-08,dd Centex XK K 11 -7 5 6 . . 3 9 1 3,22454.91,1069.2814285714285,21385.62857142857,QuickBooks-2012-Parsed
2012-06-11,274 Fibrenew A,1050.0,50.0,1000.0,QuickBooks-2012-Parsed
2012-06-11,275 T. Mayfair,27322.31,1301.062380952381,26021.24761904762,QuickBooks-2012-Parsed
2012-06-11,273 Barry Forsberg H,140.0,6.666666666666666,133.33333333333334,QuickBooks-2012-Parsed
2012-06-12,dd Centex K,61.05,2.907142857142857,58.14285714285714,QuickBooks-2012-Parsed
2012-06-13,dd Esso H,34.5,1.6428571428571428,32.857142857142854,QuickBooks-2012-Parsed
2012-06-14,wid Paul Richard (v) A,31433.35,1496.8261904761905,29936.52380952381,QuickBooks-2012-Parsed
2012-06-14,dd Enmax K,709.55,33.78809523809524,675.7619047619047,QuickBooks-2012-Parsed
2012-06-15,dd Jack Carter X,34028.55,1620.407142857143,32408.14285714286,QuickBooks-2012-Parsed
2012-06-15,dd Liquor Barn 67th Str... K,34102.54,1623.9304761904764,32478.609523809526,QuickBooks-2012-Parsed
2012-06-15,dd Liquor Barn 67th Str...,34166.73,1626.9871428571432,32539.74285714286,QuickBooks-2012-Parsed
2012-06-15,dd Liquor Barn 67th Str...,34215.41,1629.3052380952383,32586.104761904764,QuickBooks-2012-Parsed
2012-06-15,dd Liquor Barn 67th Str... A,45.74,2.1780952380952385,43.56190476190476,QuickBooks-2012-Parsed
2012-06-15,dd Bank Charges & Int...,34306.15,1633.6261904761905,32672.52380952381,QuickBooks-2012-Parsed
2012-06-15,dd Liquor Barn 67th Str... H,20.04,0.9542857142857143,19.085714285714285,QuickBooks-2012-Parsed
2012-06-18,dd Optimum West insur... K,91.86,4.374285714285714,87.48571428571428,QuickBooks-2012-Parsed
2012-06-19,226 Heffner Lexus Toyota H,2525.25,120.25,2405.0,QuickBooks-2012-Parsed
2012-06-19,233 Heffner Lexus Toyota A,1900.5,90.5,1810.0,QuickBooks-2012-Parsed
2012-06-19,220 Heffner Lexus Toyota K,40319.05,1919.954761904762,38399.095238095244,QuickBooks-2012-Parsed
2012-06-20,dd Husky H,57.03,2.7157142857142857,54.31428571428572,QuickBooks-2012-Parsed
2012-06-22,w/d Paul Richard (v) K,40676.08,1936.9561904761904,38739.12380952381,QuickBooks-2012-Parsed
2012-06-22,dd Liquor Barn 67th Str...,40926.58,1948.884761904762,38977.69523809524,QuickBooks-2012-Parsed
2012-06-22,dd Liquor Barn 67th Str...,41072.18,1955.818095238095,39116.36190476191,QuickBooks-2012-Parsed
2012-06-22,dd Liquor Barn 67th Str... H,60.08,2.860952380952381,57.219047619047615,QuickBooks-2012-Parsed
2012-06-22,dd Fas Gas Plus K,56.05,2.6690476190476193,53.38095238095238,QuickBooks-2012-Parsed
2012-06-22,dd Liquor Barn 67th Str... H,38.65,1.8404761904761906,36.80952380952381,QuickBooks-2012-Parsed
2012-07-03,Centex X,114.19,5.437619047619048,108.75238095238095,QuickBooks-2012-Parsed
2012-07-03,Cooperators CSI X,105.15,5.007142857142857,100.14285714285715,QuickBooks-2012-Parsed
2012-07-03,Centex X,60.5,2.8809523809523814,57.61904761904762,QuickBooks-2012-Parsed
2012-07-03,Bank Charges & Int... X,45.0,2.142857142857143,42.857142857142854,QuickBooks-2012-Parsed
2012-07-05,Fibrenew X,1050.0,50.0,1000.0,QuickBooks-2012-Parsed
2012-07-05,Bank Charges & Int... X,7.0,0.33333333333333337,6.666666666666667,QuickBooks-2012-Parsed
2012-07-06,Bank Charges & Int... X,90.0,4.285714285714286,85.71428571428571,QuickBooks-2012-Parsed
2012-07-09,LFG Business PAD X,202.27,9.631904761904764,192.63809523809525,QuickBooks-2012-Parsed
2012-07-10,Erles Auto Repair X,1024.28,48.775238095238095,975.5047619047618,QuickBooks-2012-Parsed
2012-07-13,Paul Richard (v) X,120.0,5.714285714285714,114.28571428571429,QuickBooks-2012-Parsed
2012-07-13,LFG Business PAD X,101.14,4.816190476190476,96.32380952380953,QuickBooks-2012-Parsed
2012-07-14,Fas Gas Plus X,23.86,1.1361904761904762,22.723809523809525,QuickBooks-2012-Parsed
2012-07-16,Jack Carter X,1885.65,89.79285714285714,1795.857142857143,QuickBooks-2012-Parsed
2012-07-16,Arrow Limousine X,400.0,19.047619047619047,380.95238095238096,QuickBooks-2012-Parsed
2012-07-16,Optimum West Insur... X,91.86,4.374285714285714,87.48571428571428,QuickBooks-2012-Parsed
2012-07-18,Heffner Lexus Toyota X,1900.5,90.5,1810.0,QuickBooks-2012-Parsed
2012-07-18,Hefiner Lexus Toyota X,1475.25,70.25,1405.0,QuickBooks-2012-Parsed
2012-07-24,IFS Premium Finance X,1654.94,78.80666666666667,1576.1333333333334,QuickBooks-2012-Parsed
2012-07-24,Jevco Insurance X,268.92,12.805714285714286,256.11428571428576,QuickBooks-2012-Parsed
2012-07-24,Cooperators CSI X,130.15,6.197619047619048,123.95238095238096,QuickBooks-2012-Parsed
2012-07-25,Staples X,795.83,37.89666666666667,757.9333333333334,QuickBooks-2012-Parsed
2012-07-25,Staples X,47.21,2.248095238095238,44.96190476190476,QuickBooks-2012-Parsed
2012-07-30,Husky X,65.01,3.095714285714286,61.91428571428572,QuickBooks-2012-Parsed
2012-07-31,Bank Charges & Int... X,35.48,1.6895238095238094,33.790476190476184,QuickBooks-2012-Parsed
2012-08-01,DD Centex,61.77,2.9414285714285717,58.82857142857143,QuickBooks-2012-Parsed
2012-08-01,DD Prairie Office Supplies,23.72,1.1295238095238094,22.59047619047619,QuickBooks-2012-Parsed
2012-08-02,DD 67th Street Liquor,128.28,6.1085714285714285,122.17142857142858,QuickBooks-2012-Parsed
2012-08-02,DD East Hill Medical,80.0,3.8095238095238093,76.19047619047619,QuickBooks-2012-Parsed
2012-08-02,DD Up Town Liquor Store,66.0,3.142857142857143,62.857142857142854,QuickBooks-2012-Parsed
2012-08-02,DD Executive Home Buil...,20.99,0.9995238095238094,19.99047619047619,QuickBooks-2012-Parsed
2012-08-03,WD,600.0,28.57142857142857,571.4285714285714,QuickBooks-2012-Parsed
2012-08-03,BD Red Deer Registries,413.35,19.683333333333337,393.6666666666667,QuickBooks-2012-Parsed
2012-08-10,278 Jons Automotive,300.0,14.285714285714285,285.7142857142857,QuickBooks-2012-Parsed
2012-08-16,Auto Optimum West Insur...,91.86,4.374285714285714,87.48571428571428,QuickBooks-2012-Parsed
2012-08-17,DD Cineplex,22.5,1.0714285714285714,21.428571428571427,QuickBooks-2012-Parsed
2012-08-18,DD Husky,83.82,3.991428571428571,79.82857142857142,QuickBooks-2012-Parsed
2012-08-22,227 Heffner Lexus Toyota,2525.25,120.25,2405.0,QuickBooks-2012-Parsed
2012-08-22,Auto Jack Carter,1885.65,89.79285714285714,1795.857142857143,QuickBooks-2012-Parsed
2012-08-22,222 Heffner Lexus Toyota,1475.25,70.25,1405.0,QuickBooks-2012-Parsed
2012-08-24,Auto Jevco Finance,1654.94,78.80666666666667,1576.1333333333334,QuickBooks-2012-Parsed
2012-08-24,Auto Jevco Insurance,268.92,12.805714285714286,256.11428571428576,QuickBooks-2012-Parsed
2012-08-24,Auto Cooperators CSI,105.15,5.007142857142857,100.14285714285715,QuickBooks-2012-Parsed
2012-08-28,DD Money Mart,750.0,35.714285714285715,714.2857142857143,QuickBooks-2012-Parsed
2012-08-31,,825.82,39.32476190476191,786.4952380952382,QuickBooks-2012-Parsed
2012-08-31,DD 67th Street Liquor,204.2,9.723809523809525,194.47619047619045,QuickBooks-2012-Parsed
2012-08-31,DD 67th Street Liquor,44.18,2.103809523809524,42.076190476190476,QuickBooks-2012-Parsed
2012-09-05,WD,160.0,7.619047619047619,152.38095238095238,QuickBooks-2012-Parsed
2012-09-06,DD Centex,60.01,2.8576190476190475,57.15238095238095,QuickBooks-2012-Parsed
2012-09-06,DD Shoppers Drug Mart,23.07,1.0985714285714285,21.97142857142857,QuickBooks-2012-Parsed
2012-08-01,DD Centex X,61.77,2.9414285714285717,58.82857142857143,QuickBooks-2012-Parsed
2012-08-01,DD Prairie Office Supplies X,23.72,1.1295238095238094,22.59047619047619,QuickBooks-2012-Parsed
2012-08-02,DD 67th Street Liquor X,128.28,6.1085714285714285,122.17142857142858,QuickBooks-2012-Parsed
2012-08-02,DD East Hill Medical X,80.0,3.8095238095238093,76.19047619047619,QuickBooks-2012-Parsed
2012-08-02,DD Up Town Liquor Store X,66.0,3.142857142857143,62.857142857142854,QuickBooks-2012-Parsed
2012-08-02,DD Executive Home Bui... X,20.99,0.9995238095238094,19.99047619047619,QuickBooks-2012-Parsed
2012-08-03,WD X,600.0,28.57142857142857,571.4285714285714,QuickBooks-2012-Parsed
2012-08-03,DD Red Deer Registries X,413.35,19.683333333333337,393.6666666666667,QuickBooks-2012-Parsed
2012-08-10,278 Jons Automotive X,300.0,14.285714285714285,285.7142857142857,QuickBooks-2012-Parsed
2012-08-16,Auto Optimum West Insu... X,91.86,4.374285714285714,87.48571428571428,QuickBooks-2012-Parsed
2012-08-17,DD Cineplex X,22.5,1.0714285714285714,21.428571428571427,QuickBooks-2012-Parsed
2012-08-18,DD Husky X,83.82,3.991428571428571,79.82857142857142,QuickBooks-2012-Parsed
2012-08-22,227 Heffner Lexus Toyota X,2525.25,120.25,2405.0,QuickBooks-2012-Parsed
2012-08-22,Auto Jack Carter X,1885.65,89.79285714285714,1795.857142857143,QuickBooks-2012-Parsed
2012-08-22,222 Heffner Lexus Toyota X,1475.25,70.25,1405.0,QuickBooks-2012-Parsed
2012-08-24,Auto Jevco Finance X,1654.94,78.80666666666667,1576.1333333333334,QuickBooks-2012-Parsed
2012-08-24,Auto Jevco Insurance X,268.92,12.805714285714286,256.11428571428576,QuickBooks-2012-Parsed
2012-08-24,Auto Cooperators CSI X,105.15,5.007142857142857,100.14285714285715,QuickBooks-2012-Parsed
2012-08-28,"DD"" Money Mart X",750.0,35.714285714285715,714.2857142857143,QuickBooks-2012-Parsed
2012-08-31,X,825.82,39.32476190476191,786.4952380952382,QuickBooks-2012-Parsed
2012-08-31,DD 67th Street Liquor X,204.2,9.723809523809525,194.47619047619045,QuickBooks-2012-Parsed
2012-08-31,DD 67th Street Liquor X,44.18,2.103809523809524,42.076190476190476,QuickBooks-2012-Parsed
2012-06-11,275 T. Mayfair,748.0,35.61904761904761,712.3809523809524,QuickBooks-2012-Parsed
2012-08-31,75,982.04,46.76380952380953,935.2761904761904,QuickBooks-2012-Parsed
2012-08-31,,1903.04,90.62095238095237,1812.4190476190477,QuickBooks-2012-Parsed
2012-09-05,WD,160.0,7.619047619047619,152.38095238095238,QuickBooks-2012-Parsed
2012-09-06,DD Centex,60.01,2.8576190476190475,57.15238095238095,QuickBooks-2012-Parsed
2012-08-06,DD Shoppers Drug Mart,23.07,1.0985714285714285,21.97142857142857,QuickBooks-2012-Parsed
2012-09-06,dd Taco Time,17.17,0.8176190476190477,16.352380952380955,QuickBooks-2012-Parsed
2012-09-06,DD Co-op Deer Park Ce...,15.74,0.7495238095238095,14.99047619047619,QuickBooks-2012-Parsed
2012-09-12,WD,500.0,23.80952380952381,476.1904761904762,QuickBooks-2012-Parsed
2012-09-19,WD,200.0,9.523809523809524,190.47619047619048,QuickBooks-2012-Parsed
2012-09-20,DD Husky,136.42,6.496190476190476,129.92380952380952,QuickBooks-2012-Parsed
2012-09-24,Auto IFS Premium Finance,1654.94,78.80666666666667,1576.1333333333334,QuickBooks-2012-Parsed
2012-09-24,Auto Cooperators CSI,105.15,5.007142857142857,100.14285714285715,QuickBooks-2012-Parsed
2012-09-25,WD,1500.0,71.42857142857143,1428.5714285714287,QuickBooks-2012-Parsed
2012-09-25,279 Duoten Townsend,279.78,13.322857142857142,266.45714285714286,QuickBooks-2012-Parsed
2012-09-30,,1404.98,66.90380952380953,1338.0761904761905,QuickBooks-2012-Parsed
2012-10-02,WD,500.0,23.80952380952381,476.1904761904762,QuickBooks-2012-Parsed
2012-08-01,dd Global Merchant Fees X,392.45,18.68809523809524,373.76190476190476,QuickBooks-2012-Parsed
2012-08-01,dd Centex X,61.77,2.9414285714285717,58.82857142857143,QuickBooks-2012-Parsed
2012-08-01,dd Prairie Office Supplies X,23.72,1.1295238095238094,22.59047619047619,QuickBooks-2012-Parsed
2012-08-02,dd 67th Street Liquor X,128.28,6.1085714285714285,122.17142857142858,QuickBooks-2012-Parsed
2012-08-02,dd East Hill Medical X,80.0,3.8095238095238093,76.19047619047619,QuickBooks-2012-Parsed
2012-08-02,dd Up Town Liquor Store X,66.0,3.142857142857143,62.857142857142854,QuickBooks-2012-Parsed
2012-08-02,dd Executive Home Bui... X,20.99,0.9995238095238094,19.99047619047619,QuickBooks-2012-Parsed
2012-08-03,w/d Paul Richard (v) X,600.0,28.57142857142857,571.4285714285714,QuickBooks-2012-Parsed
2012-08-03,dd Red Deer Registries X,413.35,19.683333333333337,393.6666666666667,QuickBooks-2012-Parsed
2012-08-07,dd Bank Charges & Int... X,45.0,2.142857142857143,42.857142857142854,QuickBooks-2012-Parsed
2012-08-08,dd LFG Business PAD X,202.27,9.631904761904764,192.63809523809525,QuickBooks-2012-Parsed
2012-08-10,278 Parr's Automotive X,300.0,14.285714285714285,285.7142857142857,QuickBooks-2012-Parsed
2012-08-14,dd LFG Business PAD X,101.14,4.816190476190476,96.32380952380953,QuickBooks-2012-Parsed
2012-08-15,dd Bank Charges & Int... X,45.0,2.142857142857143,42.857142857142854,QuickBooks-2012-Parsed
2012-08-16,dd Optimum West Insur... X,91.86,4.374285714285714,87.48571428571428,QuickBooks-2012-Parsed
2012-08-17,dd Cineplex X,22.5,1.0714285714285714,21.428571428571427,QuickBooks-2012-Parsed
2012-08-18,dd Husky X,83.82,3.991428571428571,79.82857142857142,QuickBooks-2012-Parsed
2012-08-22,227 Heffner Lexus Toyota X,2625.25,125.01190476190477,2500.2380952380954,QuickBooks-2012-Parsed
2012-08-22,dd Jack Carter X,1885.65,89.79285714285714,1795.857142857143,QuickBooks-2012-Parsed
2012-08-22,222 Heffner Lexus Toyota X,1475.25,70.25,1405.0,QuickBooks-2012-Parsed
2012-08-24,dd IFS Premium Finance X,1654.94,78.80666666666667,1576.1333333333334,QuickBooks-2012-Parsed
2012-08-24,dd Jevco Insurance X,268.92,12.805714285714286,256.11428571428576,QuickBooks-2012-Parsed
2012-08-28,dd Money Mart X,750.0,35.714285714285715,714.2857142857143,QuickBooks-2012-Parsed
2012-08-28,dd AMEX X,4.95,0.23571428571428574,4.714285714285714,QuickBooks-2012-Parsed
2012-08-31,dd 67th Street Liquor X,204.2,9.723809523809525,194.47619047619045,QuickBooks-2012-Parsed
2012-08-31,dd 67th Street Liquor X,44.18,2.103809523809524,42.076190476190476,QuickBooks-2012-Parsed
2012-08-31,dd Bank Charges & int... X,35.01,1.667142857142857,33.34285714285714,QuickBooks-2012-Parsed
2012-08-31,,894.0,42.57142857142857,851.4285714285714,QuickBooks-2012-Parsed
2012-09-05,WD,160.0,7.619047619047619,152.38095238095238,QuickBooks-2012-Parsed
2012-09-06,DD Centex,60.01,2.8576190476190475,57.15238095238095,QuickBooks-2012-Parsed
2012-09-06,DD Shoppers Drug Mart,23.07,1.0985714285714285,21.97142857142857,QuickBooks-2012-Parsed
2012-09-06,dd Taco Time,17.17,0.8176190476190477,16.352380952380955,QuickBooks-2012-Parsed
2012-09-06,DD Co-op Deer Park Ce...,15.74,0.7495238095238095,14.99047619047619,QuickBooks-2012-Parsed
2012-09-12,WD,500.0,23.80952380952381,476.1904761904762,QuickBooks-2012-Parsed
2012-09-19,WD,200.0,9.523809523809524,190.47619047619048,QuickBooks-2012-Parsed
2012-09-20,DD Husky,136.42,6.496190476190476,129.92380952380952,QuickBooks-2012-Parsed
2012-09-24,Auto IFS Premium Finance,1654.94,78.80666666666667,1576.1333333333334,QuickBooks-2012-Parsed
2012-09-24,Auto Cooperators CSI,105.15,5.007142857142857,100.14285714285715,QuickBooks-2012-Parsed
2012-09-25,WD,1500.0,71.42857142857143,1428.5714285714287,QuickBooks-2012-Parsed
2012-09-25,279 Duoten Townsend,279.78,13.322857142857142,266.45714285714286,QuickBooks-2012-Parsed
2012-09-30,,1404.98,66.90380952380953,1338.0761904761905,QuickBooks-2012-Parsed
2012-09-30,,1404.98,66.90380952380953,1338.0761904761905,QuickBooks-2012-Parsed
2012-10-02,WD,500.0,23.80952380952381,476.1904761904762,QuickBooks-2012-Parsed
2012-10-15,DD George's Pizza,30.04,1.4304761904761905,28.609523809523807,QuickBooks-2012-Parsed
2012-10-16,Auto Optimum West Insdur...,91.86,4.374285714285714,87.48571428571428,QuickBooks-2012-Parsed
2012-10-19,DD 67th Street Liquor,137.01,6.524285714285714,130.48571428571427,QuickBooks-2012-Parsed
2012-10-19,DPD 67th Street Liquor,126.85,6.04047619047619,120.80952380952381,QuickBooks-2012-Parsed
2012-10-19,DD 67th Street Liquor,75.99,3.6185714285714283,72.37142857142857,QuickBooks-2012-Parsed
2012-10-23,280 Arrow Limousine,1000.0,47.61904761904762,952.3809523809524,QuickBooks-2012-Parsed
2012-10-24,Auto IFS Premium Finance,180.08,8.575238095238095,171.50476190476192,QuickBooks-2012-Parsed
2012-09-05,WD AX,160.0,7.619047619047619,152.38095238095238,QuickBooks-2012-Parsed
2012-09-06,DD Centex HX,60.01,2.8576190476190475,57.15238095238095,QuickBooks-2012-Parsed
2012-09-06,DD Shoppers Drug Mart AX,23.07,1.0985714285714285,21.97142857142857,QuickBooks-2012-Parsed
2012-09-12,WD H,500.0,23.80952380952381,476.1904761904762,QuickBooks-2012-Parsed
2012-09-19,WD A,200.0,9.523809523809524,190.47619047619048,QuickBooks-2012-Parsed
2012-09-20,DD Husky H,136.42,6.496190476190476,129.92380952380952,QuickBooks-2012-Parsed
2012-09-24,Auto IFS Premium Finance A,1654.94,78.80666666666667,1576.1333333333334,QuickBooks-2012-Parsed
2012-09-25,WD A,1500.0,71.42857142857143,1428.5714285714287,QuickBooks-2012-Parsed
2012-09-30,H,1404.98,66.90380952380953,1338.0761904761905,QuickBooks-2012-Parsed
2012-06-11,275 T. Mayfair,748.0,35.61904761904761,712.3809523809524,QuickBooks-2012-Parsed
2012-09-25,279 Duoten Townsend,279.78,13.322857142857142,266.45714285714286,QuickBooks-2012-Parsed
2012-09-30,,1074.6,51.171428571428564,1023.4285714285713,QuickBooks-2012-Parsed
2014-01-31,,115.42,5.496190476190477,109.92380952380952,QuickBooks-2012-Parsed
2014-02-28,,61.15,2.9119047619047618,58.238095238095234,QuickBooks-2012-Parsed
2014-03-31,,119.39,5.685238095238095,113.70476190476191,QuickBooks-2012-Parsed
2014-04-30,,110.51,5.262380952380953,105.24761904761905,QuickBooks-2012-Parsed
2015-01-16,42,3494.63,166.41095238095238,3328.2190476190476,QuickBooks-2012-Parsed
2012-09-04,dd Global Merchant Fees X,288.62,13.743809523809524,274.87619047619046,QuickBooks-2012-Parsed
2012-09-05,w/d Paul Richard (v) X,160.0,7.619047619047619,152.38095238095238,QuickBooks-2012-Parsed
2012-09-06,dd Global Merchant Fees X,367.5,17.5,350.0,QuickBooks-2012-Parsed
2012-09-06,dd Centex X,60.01,2.8576190476190475,57.15238095238095,QuickBooks-2012-Parsed
2012-09-06,dd Bank Charges & Int... X,45.0,2.142857142857143,42.857142857142854,QuickBooks-2012-Parsed
2012-09-06,dd Shoppers Drug Mart X,23.07,1.0985714285714285,21.97142857142857,QuickBooks-2012-Parsed
2012-09-06,dd Co-op Deer Park Ce... X,15.74,0.7495238095238095,14.99047619047619,QuickBooks-2012-Parsed
2012-09-07,dd Bank Charges & Int... X,135.0,6.428571428571428,128.57142857142858,QuickBooks-2012-Parsed
2012-09-10,dd Bank Charges & Int... X,45.0,2.142857142857143,42.857142857142854,QuickBooks-2012-Parsed
2012-09-12,w/d Paul Richard (v) X,500.0,23.80952380952381,476.1904761904762,QuickBooks-2012-Parsed
2012-09-13,dd LFG Business PAD X,101.14,4.816190476190476,96.32380952380953,QuickBooks-2012-Parsed
2012-09-17,dd Bank Charges & Int... X,135.0,6.428571428571428,128.57142857142858,QuickBooks-2012-Parsed
2012-09-19,w/d Paul Richard (v) X,200.0,9.523809523809524,190.47619047619048,QuickBooks-2012-Parsed
2012-09-20,dd Husky X,136.42,6.496190476190476,129.92380952380952,QuickBooks-2012-Parsed
2012-09-24,dd IFS Premium Finance X,1654.94,78.80666666666667,1576.1333333333334,QuickBooks-2012-Parsed
2012-09-24,dd Bank Charges & int... X,45.0,2.142857142857143,42.857142857142854,QuickBooks-2012-Parsed
2012-09-25,dd LFG Business PAD X,202.27,9.631904761904764,192.63809523809525,QuickBooks-2012-Parsed
2012-09-30,dd Bank Charges & Int... X,40.45,1.9261904761904765,38.523809523809526,QuickBooks-2012-Parsed
2012-09-30,,46.82,2.2295238095238097,44.59047619047619,QuickBooks-2012-Parsed
2012-10-02,WD,500.0,23.80952380952381,476.1904761904762,QuickBooks-2012-Parsed
2012-10-15,DD George's Pizza,30.04,1.4304761904761905,28.609523809523807,QuickBooks-2012-Parsed
2012-10-16,Auto Optimum West Insur...,91.86,4.374285714285714,87.48571428571428,QuickBooks-2012-Parsed
2012-10-19,DD 67th Street Liquor,137.01,6.524285714285714,130.48571428571427,QuickBooks-2012-Parsed
2012-10-19,DD 67th Street Liquor,126.85,6.04047619047619,120.80952380952381,QuickBooks-2012-Parsed
2012-10-19,DD 67th Street Liquor,75.99,3.6185714285714283,72.37142857142857,QuickBooks-2012-Parsed
2012-10-23,280 Arrow Limousine,1000.0,47.61904761904762,952.3809523809524,QuickBooks-2012-Parsed
2012-10-24,Auto IFS Premium Finance,180.08,8.575238095238095,171.50476190476192,QuickBooks-2012-Parsed
2012-10-24,Auto Cooperators CSI,105.15,5.007142857142857,100.14285714285715,QuickBooks-2012-Parsed
2012-10-29,281 Arrow Limousine,500.0,23.80952380952381,476.1904761904762,QuickBooks-2012-Parsed
2012-10-30,DD Tim Horton's,3.73,0.17761904761904762,3.552380952380952,QuickBooks-2012-Parsed
2012-10-31,,955.46,45.49809523809524,909.9619047619047,QuickBooks-2012-Parsed
2012-10-31,,955.46,45.49809523809524,909.9619047619047,QuickBooks-2012-Parsed
2012-10-31,DD Shell Canada Produ...,246.94,11.75904761904762,235.1809523809524,QuickBooks-2012-Parsed
2012-11-01,DD Erles Auto Repair,119.07,5.67,113.39999999999999,QuickBooks-2012-Parsed
2012-11-03,DD 67th Street Liquor,80.88,3.851428571428571,77.02857142857142,QuickBooks-2012-Parsed
2012-11-05,WD,600.0,28.57142857142857,571.4285714285714,QuickBooks-2012-Parsed
2012-11-06,WD,120.0,5.714285714285714,114.28571428571429,QuickBooks-2012-Parsed
2012-11-07,DD Red Deer Registries,4.9,0.23333333333333334,4.666666666666667,QuickBooks-2012-Parsed
2012-11-16,wD,1300.0,61.904761904761905,1238.095238095238,QuickBooks-2012-Parsed
2012-11-20,DD Fas Gas Plus,59.0,2.8095238095238098,56.19047619047619,QuickBooks-2012-Parsed
2012-11-20,DD Mongolie Grill,37.32,1.7771428571428571,35.542857142857144,QuickBooks-2012-Parsed
2012-11-21,DD George's Pizza,34.22,1.6295238095238096,32.59047619047619,QuickBooks-2012-Parsed
2012-11-22,dd Fas Gas Plus,57.0,2.7142857142857144,54.285714285714285,QuickBooks-2012-Parsed
2012-11-23,dd Staples,600.66,28.602857142857143,572.0571428571428,QuickBooks-2012-Parsed
2012-11-23,dd A Buck or Two,79.8,3.8,76.0,QuickBooks-2012-Parsed
2012-11-28,dd Princess Auto,78.74,3.7495238095238093,74.99047619047619,QuickBooks-2012-Parsed
2012-11-29,DD Esso,50.0,2.380952380952381,47.61904761904762,QuickBooks-2012-Parsed
2012-10-02,WD X,500.0,23.80952380952381,476.1904761904762,QuickBooks-2012-Parsed
2012-10-15,DD George's Pizza X,30.04,1.4304761904761905,28.609523809523807,QuickBooks-2012-Parsed
2012-10-16,Auto Optimum West Insu... X,91.86,4.374285714285714,87.48571428571428,QuickBooks-2012-Parsed
2012-10-19,DD 67th Street Liquor X,137.01,6.524285714285714,130.48571428571427,QuickBooks-2012-Parsed
2012-10-19,DD 67th Street Liquor X,126.85,6.04047619047619,120.80952380952381,QuickBooks-2012-Parsed
2012-10-19,DD 67th Street Liquor X,75.99,3.6185714285714283,72.37142857142857,QuickBooks-2012-Parsed
2012-10-23,280 Arrow Limousine X,1000.0,47.61904761904762,952.3809523809524,QuickBooks-2012-Parsed
2012-10-24,Auto IFS Premium Finance X,180.08,8.575238095238095,171.50476190476192,QuickBooks-2012-Parsed
2012-10-24,Auto Cooperators CSI X,105.15,5.007142857142857,100.14285714285715,QuickBooks-2012-Parsed
2012-10-29,281 Arrow Limousine X,500.0,23.80952380952381,476.1904761904762,QuickBooks-2012-Parsed
2012-10-30,DD Tim Horton's X,3.73,0.17761904761904762,3.552380952380952,QuickBooks-2012-Parsed
2012-10-31,X,955.46,45.49809523809524,909.9619047619047,QuickBooks-2012-Parsed
2012-10-31,DD Shell Canada Produ... X,246.94,11.75904761904762,235.1809523809524,QuickBooks-2012-Parsed
2012-06-11,275 T. Mayfair,748.0,35.61904761904761,712.3809523809524,QuickBooks-2012-Parsed
2012-09-25,279 Duoten Townsend,279.78,13.322857142857142,266.45714285714286,QuickBooks-2012-Parsed
2012-10-31,,609.44,29.020952380952384,580.4190476190477,QuickBooks-2012-Parsed
2014-01-31,,115.42,5.496190476190477,109.92380952380952,QuickBooks-2012-Parsed
2014-03-31,,119.39,5.685238095238095,113.70476190476191,QuickBooks-2012-Parsed
2014-04-30,,110.51,5.262380952380953,105.24761904761905,QuickBooks-2012-Parsed
2014-05-31,,115.07,5.479523809523809,109.59047619047618,QuickBooks-2012-Parsed
2015-01-16,42,3494.63,166.41095238095238,3328.2190476190476,QuickBooks-2012-Parsed
2012-11-01,Global Merchant Fees XK,423.85,20.183333333333334,403.6666666666667,QuickBooks-2012-Parsed
2012-11-01,Erles Auto Repair XK H,119.07,5.67,113.39999999999999,QuickBooks-2012-Parsed
2012-11-03,67th Street Liquor A XH,80.88,3.851428571428571,77.02857142857142,QuickBooks-2012-Parsed
2012-11-06,Paul Richard (v) XHKK,120.0,5.714285714285714,114.28571428571429,QuickBooks-2012-Parsed
2012-11-07,Red Deer Registries K,94.9,4.519047619047619,90.38095238095238,QuickBooks-2012-Parsed
2012-11-08,LFG Business PAD A,202.27,9.631904761904764,192.63809523809525,QuickBooks-2012-Parsed
2012-11-13,LFG Business PAD H K,101.14,4.816190476190476,96.32380952380953,QuickBooks-2012-Parsed
2012-11-15,Paul Richard (v) X A,1300.0,61.904761904761905,1238.095238095238,QuickBooks-2012-Parsed
2012-11-15,Bank Charges & Int... X K,45.0,2.142857142857143,42.857142857142854,QuickBooks-2012-Parsed
2012-11-20,Carline K,72.45,3.45,69.0,QuickBooks-2012-Parsed
2012-11-20,Fas Gas Plus K,59.0,2.8095238095238098,56.19047619047619,QuickBooks-2012-Parsed
2012-11-20,Mongolie Grill K,37.32,1.7771428571428571,35.542857142857144,QuickBooks-2012-Parsed
2012-11-21,Cineplex A,43.87,2.089047619047619,41.78095238095238,QuickBooks-2012-Parsed
2012-11-21,George's Pizza H,34.22,1.6295238095238096,32.59047619047619,QuickBooks-2012-Parsed
2012-11-22,Fas Gas Plus K,57.0,2.7142857142857144,54.285714285714285,QuickBooks-2012-Parsed
2012-11-23,Staples K X,600.66,28.602857142857143,572.0571428571428,QuickBooks-2012-Parsed
2012-11-23,Paul Richard (v) H H,200.0,9.523809523809524,190.47619047619048,QuickBooks-2012-Parsed
2012-11-23,A Buck or Two X A,79.8,3.8,76.0,QuickBooks-2012-Parsed
2012-11-26,Cooperators CSI K,105.15,5.007142857142857,100.14285714285715,QuickBooks-2012-Parsed
2012-11-27,Rogers K,62.99,2.9995238095238097,59.990476190476194,QuickBooks-2012-Parsed
2012-11-28,Princess Auto X,78.74,3.7495238095238093,74.99047619047619,QuickBooks-2012-Parsed
2012-11-28,AMEX H,4.95,0.23571428571428574,4.714285714285714,QuickBooks-2012-Parsed
2012-11-29,Michael Richard K,380.0,18.095238095238095,361.9047619047619,QuickBooks-2012-Parsed
2012-11-29,Esso X H,50.0,2.380952380952381,47.61904761904762,QuickBooks-2012-Parsed
2012-11-29,Bank Charges & Int... A U,45.0,2.142857142857143,42.857142857142854,QuickBooks-2012-Parsed
2012-11-30,Bank Charges & Int... H K,35.09,1.670952380952381,33.419047619047625,QuickBooks-2012-Parsed
2012-11-30,DD Fas Gas Plus,56.38,2.684761904761905,53.695238095238096,QuickBooks-2012-Parsed
2012-11-30,,368.9,17.566666666666666,351.3333333333333,QuickBooks-2012-Parsed
2012-12-14,,400.0,19.047619047619047,380.95238095238096,QuickBooks-2012-Parsed
2012-12-19,Parr's Automotive,1000.0,47.61904761904762,952.3809523809524,QuickBooks-2012-Parsed
2012-12-20,Choice Auto Electric...,258.38,12.303809523809523,246.07619047619048,QuickBooks-2012-Parsed
2012-12-24,Canadian Tire.,53.16,2.531428571428571,50.628571428571426,QuickBooks-2012-Parsed
2012-12-27,Ranch House,67.26,3.2028571428571433,64.05714285714286,QuickBooks-2012-Parsed
2012-12-28,,2200.0,104.76190476190476,2095.2380952380954,QuickBooks-2012-Parsed
2013-03-05,,800.0,38.095238095238095,761.9047619047619,QuickBooks-2012-Parsed
2013-03-05,,180.0,8.571428571428571,171.42857142857142,QuickBooks-2012-Parsed
2014-01-31,,115.42,5.496190476190477,109.92380952380952,QuickBooks-2012-Parsed
2014-02-28,,61.15,2.9119047619047618,58.238095238095234,QuickBooks-2012-Parsed
2014-03-31,,119.39,5.685238095238095,113.70476190476191,QuickBooks-2012-Parsed
2014-04-30,,110.51,5.262380952380953,105.24761904761905,QuickBooks-2012-Parsed
2014-05-31,,115.07,5.479523809523809,109.59047619047618,QuickBooks-2012-Parsed
2012-11-30,284 Paul Mansell X,537.39,25.59,511.8,QuickBooks-2012-Parsed
2012-12-03,dd Global Merchant Fees X,309.65,14.745238095238095,294.90476190476187,QuickBooks-2012-Parsed
2012-12-03,dd Fas Gas Plus X,56.38,2.684761904761905,53.695238095238096,QuickBooks-2012-Parsed
2012-12-03,dd Bank Charges & Int... X,45.0,2.142857142857143,42.857142857142854,QuickBooks-2012-Parsed
2012-12-06,dd Bank Charges & Int... X,45.0,2.142857142857143,42.857142857142854,QuickBooks-2012-Parsed
2012-12-10,dd Bank Charges & Int... X,45.0,2.142857142857143,42.857142857142854,QuickBooks-2012-Parsed
2012-12-13,dd LFG Business PAD X,101.14,4.816190476190476,96.32380952380953,QuickBooks-2012-Parsed
2012-12-14,wid Paul Richard (v) X,400.0,19.047619047619047,380.95238095238096,QuickBooks-2012-Parsed
2012-12-17,dd Bank Charges & Int... X,45.0,2.142857142857143,42.857142857142854,QuickBooks-2012-Parsed
2012-12-19,dd Parr's Automotive X,512.27,24.393809523809523,487.87619047619046,QuickBooks-2012-Parsed
2012-12-19,dd Parr's Automotive X,487.73,23.225238095238097,464.50476190476195,QuickBooks-2012-Parsed
2012-12-19,dd Choice Auto Electric... X,101.09,4.813809523809525,96.27619047619048,QuickBooks-2012-Parsed
2012-12-20,dd Choice Auto Electric... X,258.38,12.303809523809523,246.07619047619048,QuickBooks-2012-Parsed
2012-12-24,dd Cooperators CSI X,105.15,5.007142857142857,100.14285714285715,QuickBooks-2012-Parsed
2012-12-24,dd Canadian Tire. X,53.16,2.531428571428571,50.628571428571426,QuickBooks-2012-Parsed
2012-12-27,dd Ranch House X,67.26,3.2028571428571433,64.05714285714286,QuickBooks-2012-Parsed
2012-12-28,Tsf Paul Richard (v) X,2200.0,104.76190476190476,2095.2380952380954,QuickBooks-2012-Parsed
2012-12-28,dd Village Mall Chiropra... X,35.0,1.6666666666666665,33.333333333333336,QuickBooks-2012-Parsed
2012-12-28,dd AMEX X,4.95,0.23571428571428574,4.714285714285714,QuickBooks-2012-Parsed
2012-12-31,dd Bank Charges & Int... X,45.0,2.142857142857143,42.857142857142854,QuickBooks-2012-Parsed
2012-12-31,dd Bank Charges & Int... X,35.1,1.6714285714285715,33.42857142857143,QuickBooks-2012-Parsed
2012-12-31,,693.59,33.02809523809524,660.5619047619048,QuickBooks-2012-Parsed
2013-03-05,96,800.0,38.095238095238095,761.9047619047619,QuickBooks-2012-Parsed
2013-03-05,a7,180.0,8.571428571428571,171.42857142857142,QuickBooks-2012-Parsed
2014-01-31,,115.42,5.496190476190477,109.92380952380952,QuickBooks-2012-Parsed
2014-02-28,,61.15,2.9119047619047618,58.238095238095234,QuickBooks-2012-Parsed
2014-03-31,,119.39,5.685238095238095,113.70476190476191,QuickBooks-2012-Parsed
2014-04-30,,110.51,5.262380952380953,105.24761904761905,QuickBooks-2012-Parsed
2014-05-31,,115.07,5.479523809523809,109.59047619047618,QuickBooks-2012-Parsed
2015-01-16,42,3494.63,166.41095238095238,3328.2190476190476,QuickBooks-2012-Parsed
